ID,kashmiri_text
1,س س اکھ حقیقی وچھنہ دار۔
2,بہ چھس روزانہ پننہ سکولس منز گژھان۔
3,توہہ چھ وقتک اکھ ژھیر۔
4,س س تٔمۍ پننہ حیاتس ستۍ متثر کران۔
5,نہ کانہہ چھُ زانان زِ سُہ کُنہِ ونہِ ۔
6,یِم چھِ انسانیت کینہہ سچنی ۔
7,تِم چھِ ہُندِس لُکَس تہ تِمَن چھِ حقیقی مقصد ۔
8,توہہِ کنۍ ہیکو تُہۍ یتھہِ ستہِ گژھنہ یِتھ کٔرِتھ؟
9,یہ چھٗ مون ہند اکھ قل ۔
10,سُہ چُھ واریاہ قیمتی۔
11,س سہِ پٹھ پٹھ پٹھ زیاد وچھان ۔
12,س چُھ اکھ کمر یتھ منز اکھ بیڈ چُھ۔
13,کہہِ ساروے کھتہ نزدیک پوسٹ آفس؟
14,تمہِ سنزِ کمرچ وٹران سہِ زیاد ۔
15,مے چھٗ تہہ یقینی زِ یہِ کم کرنہ یِہ ۔
16,یہِ حکوٗمت چُھ نہ بییہِ کم کران ۔
17,زنانن ہندین مسلن پیٹھ پننہ سوچ اپ ڈیٹ کرنہ خطر چھ یہ وقت ۔
18,"دُستنہِ دِژِ دِژِنہ ولۍ پننہِ خاندانس منز 2,00,000 روٗز ہُند جُر۔"
19,سٹور چُھ حرکت شروع کران۔
20,سُہ اوس شہرس منز اکھ فوج۔
21,س چُھ پانژ فٹ تھول ۔
22,مے کٔر میچ زیننہ خطر پنن سطحس منز پننہ بہترین کوشش۔
23,س س نہ یژھان یوان۔
24,خاندان ہندِ ملکیت آو تقسیم کرنہ ۔
25,مینیٹر سنز صحیح طریقہ، س چھ مستقبلچ ملکہ۔
26,ڈاکٹرن کور پننہِ بلیڈر ہٹا۔
27,س چُھ گھوندس ملِس ستہِ کٔرِتھ ۔
28,سُہ گٔیہ شہر پیٹھ۔
29,تمہِ سنز کردار اوس زینٹہ تہ واریاہ۔
30,طالب علمن ہنز چھ ہوسٹل خالی کرنہ یوان۔
31,تٔمۍ کٔر اکھ نیر یُس مرد اوس۔
32,سُہ چُھ اکھ کامل سوٗنگ ۔
33,مشکل ہاوتھر چُھ مسلہ ہند تشخیص کرنس منز ناکام۔
34,سُہ چُھ جنگلس منز داخل گژھنہ برونہہ واریاہ ونسہِ پٹھہِ گژھان۔
35,چِھ پانژھ بٔڑِ قسم چِھ پہاڑِ ہُند سرگرمی۔
36,سُہ چُھ پننہِ نقطہ ہُند ثبوت کرنُک کوٗشِش کران۔
37,براہ مہربانی پننہِ بٹ روم ہایجینک برقرار۔
38,سکوُل گژھنہ برونہہ، پننہِ شُروٗعاتہ صحیح پٹھۍ پٹھۍ پٹھۍ پٹھۍ پٹھۍ پٹھۍ پٹھۍ پٹھۍ پ
39,تِم چھِ گڈ زخمَن پیٹھ پوشِشِش لاگو کرنہ یِنہِ ۔
40,تمہِ سنز ساروے کھتہ بوڑ طاقت چھ تمہِ ہندِ تصور۔
41,مے چھِ گھرس منز کم کرنہ خطر حکوٗمتَن ستۍ اکھ ترتیب تیار کرنہ آمُت۔
42,موجود چُھ سُہ غر مُلکَس منز کم کران۔
43,گلوہ ہندِ پٹھۍ پٹھۍ پٹھۍ ۔
44,نہ اتھ لڑکُس پیٹھ غر غر غر غر غر غر غر غر غر غر غر غر غر غر غر غر غر غ
45,مے ہیکہ نہ وُچھتھ یِم تمہِ کٔنہِ وُچھان اوس، تِکیازِ تمہِ سہِ ژھلِتھ ۔
46,تمو کور پننہ مطالبہ صوتی طور پیش ۔
47,فلمہ ہند صوُرت تہ تصویر ہنز ضرورت چھِ سنکسس منز۔
48,تمہِ سنز رنگ چھے سفید۔
49,ہمن کور باغس منز اکھ ستہ ۔
50,ہم چھ اکھ خوبصورت ویلاہس منز رٹنہ آمتہِ ۔
51,مے اوس نہ صرف مایوس، مے اوس مطلق پٹھۍ خراب۔
52,سندۍ کٔرِس بحرانس منز اچھی سان وقتہ۔
53,ہیکہ تِہِ ملی چیزہ تہِ ہنز ضرورت۔
54,مے چھ اکھ شاندار خیال۔
55,تیلہ ستۍ پینس ژھلو۔
56,گمژ لوٗکھ س قیادت کس آمدس پیٹھ مایوس۔
57,کینہہ چھ پریشان ز ٹیکس منز اضافہ ہیکہ معیشت کمزور گژھان۔
58,یِم چھِ تمام واریاہ غریب ۔
59,آبچ بہاؤ کنٹرول کرنہ خطر اوس پور دریاوَس منز اکھ واریہ بناونہ آمُت۔
60,تمہِ سنزِ ماجہ اوس تمہِ پیٹھ اکھ مراقبہ کران۔
61,فوجس خطر اکھ خاص دشمنس ستۍ لڑنہ خطر اوس مشکل۔
62,شُر چھِ خاندانس منز پھول ہِندِ پٹھۍ۔
63,شہزادہ ایڈورڈ سنز خاندرچ نظر آو ہتھیار لوٗکھ۔
64,گھرچ سطح چُھ صاف روزنہ یوان ۔
65,تٔمۍ کٔر ڈرائیورس کیریج ادا۔
66,مے چھ آن لائن لائبریری ہس منز اکھ ربطہ۔
67,فوجن کٔر راتس دوران دٔریاوس پیٹھ گژھان۔
68,استاد سندِ بیان اوس غصہ ور ۔
69,یہ نوو ایڈیسایو ہیکہ میٹل گلاسس پیٹھ بتھ ۔
70,تٔمۍ کور جاد چہ شو خطر مفت ٹکٹ۔
71,سُہ چھ اکھ اکھ اکھ بوُلر ۔
72,سُہ کم چھ صبح پیٹھہ شامس تام ۔
73,کتاب چِھ پرنٹنگ پریس منز پرنٹ کرنہ یوان۔
74,س چھے تُہندِ بھروسہ تہ سختی پسند۔
75,مے اوس پننہ امتحانچ نتیجس ستۍ واریاہ مایوس۔
76,خوش قسمتی سان، موسم اوس اکھ ولۍ۔
77,س چھے موسیقی خطر اکھ شوق۔
78,سُہ چُھ پارٹی ہُند وفادار حامی۔
79,یہِ چھُ توقع کرنہ یِوان زِ س چِھ اتھ مقامس منز اکہِ دور ادا کران۔
80,تمہِ سندِ کشتی س دٔریاوَس منز دخل۔
81,توہہِ وٗچھِووِو توہہِ کینہِ توجہِ كرِوِو، تِکیازِ سُہ چُھ تھکر۔
82,سُہ چھ اتھ علاقک بادشاہ، لہذا سُہ چُھ پرتھ سُہ پوٗر پوٗر پوٗر پوٗر پوٗر پوٗر پوٗر۔
83,تمہِ سنز اداکری چھِ کنہہ تھرووِتھ ۔
84,تٔمۍ کور گریجویشن منز فنکشن ہندس طورس پٹھ کورس۔
85,مے سندِس گژھن اوس تِہِ مے آبچ ژھرِتھ ۔
86,یہ چھُ دھوکہ دِنہ خطر اکھ فن۔
87,خوشگوار یاد چھ زیاد وقتس منز روزان ۔
88,ڈاکٹر آو دنہِ وقتہ پیٹھ۔
89,سنز صرف دلچسپی چھ شُرین ہند صحت۔
90,فوجن ہندس دُعا کور زِیاد خطر زمینس پیٹھ موجود۔
91,سُہ چُھ زیاد تہ زیاد فید حصل کرُن یژھان۔
92,تمو کور لٹنگ کُٹ پٹ کرنچ کوٗشِش ۔
93,تٔمۍ کٔر پنن احساسات واریاہ واضح طور بیان۔
94,مے تھووِتھ تھووِتھ ۔
95,مے چھ پننہِ جیٹس منز بین پونڈ ۔
96,تمام ہندوستان مشرقی کانفرنس چُھ گژھان۔
97,یِم دن واقعاتن درمیان چھنہ کانہہ ربطہ۔
98,زمین ہندِ پٹھۍ کٔرِو ۔
99,بہ چھس پریتھ دہ سکولس منز گژھان۔
100,انتقبیو کور کتابن ہند توجہ تہ جیز۔
101,یہ چھُ مسلمانن خطر اکھ جشن ۔
102,تِمَن چِھ کنہہ خام تیلہ یِنہ یِنہ یِنہ یِوان ۔
103,ہم ہیکہ تمہِ خطر گژھان۔
104,عمل کرو ییمہ تہہ پیشگو کران چھ۔
105,واضح طور چھِ تِم کینہہ وقتہ تام شہر نیرنہ آمژ۔
106,دھوکہ دہن اوس پولیس ستۍ احاطہ کرنہ آمت۔
107,تٔمۍ کٔر کالجس منز تھیولوجیا ہند مطالعہ۔
108,یِم نارن ہندِ چِھ قدرتی شیرینیت۔
109,تٔمۍ دِیوُت تِہ اکھ واضح خیال۔
110,پرتھ چھُ کٔرِس پیٹھ اکھ بتھ پٹھۍ۔
111,یہِ پیٹھہ کتھ دور چھِ پوسٹ آفس؟
112,تنظیمس ستۍ سنز ربطہ گوو تٔمۍ ستۍ ستۍ ستۍ ستۍ ستۍ ستۍ ستۍ ستۍ ستۍ ستۍ س
113,سُہ چُھ اتھ عمارتس منز اکھ وچ مین۔
114,کنٹرول پینلَس منز غلطی کی وجہ ستۍ چھِ ہویی جہاز وسطی منز گرنہ یِوان۔
115,ییلہ تم ہسپتالس منز چھ یوان چھ شُرِن ہندِس تریٖن ہُند تُلان چھُ ۔
116,گیس اوس رگہ ۔
117,کپ بورڈس منز چھ سفید مگہ ۔
118,تمو کور ٹرولے پیٹھ کمرس منز صبحچ لگان ۔
119,یہِ شُملی ہُند خیال کرنہ خطر ہیکہِ یہِ مٗشِش ۔
120,تٔمۍ وچھ زاوری منز اکھ گڈ۔
121,کیا مے ہیکہ تُہِہِ بیگ لکِتھ، مڈم؟
122,سُہ اوس تھکاوٹ تہ پریشان۔
123,سُہ چھُ پننہِ خوفس منز دِژمُت۔
124,ریپبلک ڈے پیٹھ اوس فایر ورک ہنز اکھ نمیِت ۔
125,پریشان نہ، ستۍ چھٗ ستۍ ستۍ ٹھیک۔
126,تمہِ کنہِ کٔرِہ دفتر؟
127,یہِ گھر چھِ کِس پٹھۍ پٹھۍ پٹھۍ پٹھۍ پٹھۍ پٹھۍ پٹھۍ پٹھۍ پٹھۍ پٹھۍ پٹھۍ پٹھۍ پٹھۍ پٹھ
128,صحت ہکہِ خراب ہیکہِ کامیاب گژھنہ خطر اکھ رکاوٹ ۔
129,گریڈ بی تہ اوپر چھ رضامندی ماننہ یوان۔
130,سُہ چھِ پریتھ پننہِ غر غر غر غر غر غر غر غر غر غر غر غر غر غر غر غر غ
131,س کٔر پننہِ زایہِ منز فینکس ۔
132,یِم گاڑِ ہُند ہُند ہُند ہُند ہُند ہُند ہُند ہُند ہُند ہُند ہُند ہُ
133,س چُھ ہمیشہ ستہِ آوازس منز بولان۔
134,کس ستۍ ہیکِو مے ایئر فیلڈس تام۔
135,سٹیشنس نزدیٖک ٹرین ہُند رفتارس منز اوس اکھ کمی۔
136,کیا قسم ہند ناو ریل وے ٹریکس پیٹھ اکھ کارہ رتھ؟
137,مے چھ تُہِہِ سندِس ستہِ پسند ۔
138,س ہیکہ کنہہ دہ یوان۔
139,سُہ چُھ کارپوریشنس منز اعلیٰ مقام پوٗز کران۔
140,امہِ ستہِ آو أکِس قبلہ كِس ستہِ رُکاوٹَس پیٹھ اکھ رُپہ ۔
141,پٔتمِس أکِس دہائی ہِندِ سالانہ رپورٹن ہُند نظرچ ضرورت۔
142,تم چھ تٔمۍ سنز کارچ پیٹھ دِژ ۔
143,مندر چھِ عبادت کرنہ خطر اکھ اکھ اکھ جایہ۔
144,کیا فنکشن میوزیم چھ تمام دہ کھولنہ یوان؟
145,دہشت گردن ہند مقصد چھ لوٗکن خوفزد کران!
146,یہِ دُہ چُھ بٔڑِس دہِ ہِندِس لکِس منز دُہ ۔
147,پولیس کٔر گندن ہندس شکستس منز اکھ ٹرونچین استعمال۔
148,کٔرِون ہندِ اکھ بٔڑس آبدی ہندِس پٹھہِ ہندِس پٹھہِ ۔
149,پولیسن کور قتل ہندس معاملس منز تِہریٖن ہُند تِہریٖن جمع کرنہ خطر ہُند اِستعمال جمع۔
150,اکھ ریوٹرن کور یہِ قصہ ووتھ ۔
151,یہ تاریخ چُھ کیاہ؟
152,مے دوست چھ صرف ہسپتال نش نیبر گژھان۔
153,ضعیفیت ہند ضیر کرو نہ۔
154,تمہِ سُند ساروے کھتہ بوڑ تحفہ اوس تمہِ سُند مفید طبیعت۔
155,سُہ چھُ ساروے کھتہ زیاد کریڈٹ ہُند مرد ماننہ یِوان۔
156,س چھے یقینی طور پونسہ ضروٗرت۔
157,سُہ چُھ پننہِ پیٹھ اکھ بُل ۔
158,مے چھُ لگان زِ یہِ چُھ کافی۔
159,ہندوستنۍ ٹیمن کور فاینلس منز آسٹریلیاہس منز ملاقات۔
160,پہاڑچِن ہندِس مقصدس تام چھِ پننہِ مقصدس تام واریاہ طویل پلو لگان ۔
161,تمہِ سُند جواب اوس واریاہ مختصر۔
162,س چھے اکھ لکٹ چین۔
163,سُہ اوس یورپَس پیٹھ زیاد ناراض ۔
164,سُہ چُھ اکثر پننہ خاندانس خش کران۔
165,یہ علاقہ پیٹھ سیپلی چھ پور دنیاہس منز پھیران۔
166,آبدِس دورس چھِ یِوان ۔
167,تمام طالب علمن ہند مقصد چھ باقین کھتہ زیاد۔
168,یہِ بندِ چھُ اکھ طویل بوُر ۔
169,مے چھٗنہ یوان ۔ سندِ جواب دِیوٗت ۔
170,ڈاکٹر چھ پنن مریضن ستۍ واریاہ صلح۔
171,مے کور ویڈیو ٹایپس پیٹھ فلمہ وچھان۔
172,ہم چھ تھرمومٹر ستۍ فیور میٹر کران۔
173,یہ اوس پولیس تہ فوج ہند اکھ مشترکہ عمل۔
174,مے ماجہن کور مے صرف یہ پیشورانہ انتخاب کرنہ خطر حوصلہ۔
175,یہ واقعہ چُھ ریکارڈ کرنہ یِوان ۔
176,تٔمۍ کٔر تنازعہ منز تمام مسلن ہند اکھ خطر اکھ خطر تخمینہ۔
177,مے چھ ریتہ خطر کفی مقدار پٹھۍ مقرر۔
178,میوُن ہُند قیمت چھ جایہ پیٹھ جایہ تام مختلف۔
179,سکوُلَن کٔر سالانہ دہ ماں باپتھ دعوت دِژ۔
180,س چھ تحقیق مکمل کرنہ خطر پننہ تعهد کران۔
181,تٔمۍ کٔر تِمَن ہندِس تہ سخت کام کرن ولۍ لوٗکھ پٹھۍ بیان۔
182,سُہ چھُ عملی کامن منز بہتر ۔
183,سُہ چُھ مٗلک، مٗلک شخص ۔
184,زمینس منز اکھ اچھی وِپ دِوِو۔
185,سُہ چُھ پرلِس ڈِپریشنَس منز کم کران۔
186,مے چھ پننہِ ملِس خطر وقف کرنہ آمژ۔
187,مے ہیکہ نہ صرف ٹونس منز گمژِتھ ۔
188,پچرز چھ بیس بالس منز واریاہ اہم کردار ادا کران۔
189,استاد ہیکہ نہ تہہ امتحانس منز کامیاب گارنچ ضمانت دِتھ۔
190,ہم چھ پنن سفرچ لطف اندوز۔
191,تٔمۍ کٔر واریاہ طاقتہ ستۍ کینہہ پینچ تحفہ۔
192,ملہِ ہنزِ ولسہِ چھُ دھوکہ دہی ماننہ یِوان ۔
193,تٔمۍ کٔر پننہ بے بے قد زبان ہند استعمال کرنس منز اعتراض۔
194,تیل چھ باقین مُلکن ہندِس ستہِ شِیٖع کرنہ برونہہہ بٹلیٖل کرنہ یوان۔
195,مے چھ اکھ ویس پایا یس چھ یس تِہِہ چھِونہِ ملِس ستہِ ملِس اکھ ملِس۔
196,تمو کٔر واریاہ مچھلی ہندۍ کٔر۔
197,یہ چھ تمہِ سندِ خاندنی تجارت، یس نسل پٹھ نسلس پیٹھ منتقل گژھان چھ۔
198,کین خصوصیات چھ تہہ کار خریدری کرنہ یِہ تہہ ژھانوِتھ ۔
199,یہِ ستہِ چھِ سُہ پننِس ملہِ پاریسسس منز دور کران۔
200,تمہِ سنزِ گھر چھِ واریاہ بٔڑ ۔
201,یہِ چھُ تِہِ واشنگٹنچ دور کرنُک موقعہ ۔
202,سُہ گژھِ تِہِہ زِ تِہِہ بَگِتھ ولِتھ اکھ دُشِش محسوس۔
203,تعلیمی معیار چھ ادارن منز مختلف۔
204,جریٖن چِھ اکھ دلچسپ ریس۔
205,استادن کور لڑکُن ہُند دُبار ۔
206,ماریام آو پٹھۍ رنگین ہندس پلوس منز پارٹی منز۔
207,تٔمۍ کٔر کمپنیس منز تربیت یافتہ طورس منز شمل۔
208,تہہِ پننہِ تعاونہ خطر واریاہ شکِر ۔
209,بہ چھنہ یہ زہر کھتہ یوان ۔
210,سُہ چُھ تریخس منز اچھی پٹھۍ پٹھۍ پٹھۍ پٹھۍ پٹھۍ پٹھۍ پٹھۍ پٹھۍ پٹھۍ پٹھۍ پٹھۍ پٹھ
211,یہِ معجزی س پریتھہِ بولنہ ورنہ یِوان ۔
212,توہہ کٔرۍ یہ کاغذ کٔرۍ؟
213,یہِ ساسنس اوس غر قابل حمل۔
214,فوجن ہندس پٹھ چھِ پوزیشن تبدیل کرنہ ورے ؤرین کھتہ کھتہ کھتہ کھتہ کھتہ کھتہ کھتہ کھ
215,تمہِ سُند مل چھُ اکھ کلرِک ۔
216,تم چھ گاڑس منز اکھ نوو سکول بناوان۔
217,جنگلی حیات بچاونہ خطر چھِ کوشش کرنہ یوان ۔
218,مچھلی ہندس چُھ موسمس منز اکھ مچھلی ہندِس چُھ ۔
219,سُہ چُھ تریخس منز اچھی پٹھۍ پٹھۍ پٹھۍ پٹھۍ پٹھۍ پٹھۍ پٹھۍ پٹھۍ پٹھۍ پٹھۍ پٹھۍ پٹھ
220,س چُھ أکس غریب کلاسس ستۍ ربطہ یوان۔
221,ایلومینیوم چھ اکھ مرکبتی دھات۔
222,تمہِ سندِس رِنگس منز اوس سونہ ہُند پوٗر ۔
223,بہ چھس ٹرین ٹایرس متعلق تحقیق کرنچ یژھان۔
224,پینے کٔرِ چھِ خشنی شُمالی علاقن منز لبنہ یوان تہ چھِ ملہ بناونہ خطر استعمال کرنہ یوان۔
225,یہِ چھُ اکھ نٔووووو پتہ كرنہ آمتہِ سیار۔
226,تاج مہال چھِ ماربل ستہِ بناونہ آمتہِ ۔
227,مینس ماجہ چھ عام طور جمعہس منز اکھ خاص پٹھۍ تیار کران۔
228,براہ مہربانی پونسہ منتقل کرو۔
229,تمہِ کور مے نظر ۔
230,تمام نمبر شمل۔
231,اصطلاح چھ انتظام کمیٹی ہند منظوری ستۍ ملک۔
232,س چِھ ٹاموررو ستۍ فائل حصل کٔرتھ۔
233,براہ مہربانی پننہِ کھلڑِ ہندِ دور۔
234,س چھ مے ناراض، تہ برعکس۔
235,یہ کام چھ عام طور زنانن ترجیح دِوان۔
236,ثبوت نہ ہیکو صرف یہِ غر غر وضاحت کرِتھ زِ کنہہ س غلط۔
237,یہِ مُسلسِلس ہُند وسیع چُھ ٹھ فٹ۔
238,بییہ ز پوائنٹ چُھ لٹہ نش نشہ نِش کرنہ یِنہ یِوان ۔
239,تمہِ کور پننہِ سِوٹور نِش انکار ۔
240,تمہِ سندِ کم چُھ ہفتہ پٹھہ چیک کرنہ یِنہِ یِنہِ ۔
241,سُہ چُھ پننہِ چُھس پیٹھ اکھ مشہوٗر مل ۔
242,شہرس ہندین ضروٗرتن پوٗر پوٗر كٗنہِ كٗنہِ كٗنہِ كٗلِو۔
243,مے چھنہ نہ تٔمۍ ذتی طور جانان ۔
244,سُہ گوو عام ماحولس منز بڑو۔
245,ہم منز چھ پانژھ منز موجود۔
246,سُہ گٔیہِ تِہِ ہِنز انتظار کرنہ خطر پٔرِتھ ۔
247,بہ چھس حوصلہ یوان ۔
248,سُہ اوس پننہِ چِھٹہِ ٹورچ باپتھ ۔
249,کنہہ ہیکہ اتھ منز گژھتھ ۔
250,سُہ گٔیہِ گٔیہِ تہ گٔیہِ بس سٹیشن واپس ۔
251,آبچ چسٹنوٹ چھ واریاہ کُرپے۔
252,یِم تمام ٹرسٹیش سپ آو آہِ آہِ ژاپنی حکومتس منز واپس ۔
253,حصِل کٔرِو مردن ہندِس پٹھ دِژ ۔
254,تم چھ پنن چیک رنگ کرنہ خطر ورمیلیون استعمال کران۔
255,صٔدریو کور اجلاسس تام ناکام۔
256,یہِ وچھِتھ کٔر تٔمۍ پننہِ بولنہ بہتر ۔
257,یہ چھ تُہندِس شِرٹَس خطر اکھ ملِک رنگ۔
258,مے چھِ دہ دوبار کوشش کٔرِتھ ۔
259,زنانن چھ پننہ آزادانہ خطر لڑناونہ یوان۔
260,واریاہ لوُکھ وُچھو یہِ فلم ۔
261,مین لیپ ٹاپ چُھ مین کمپیوٹرس کھتہ واریاہ تیزی سان عمل کران۔
262,گائے چھ فارینگیٹس ستۍ پریشان۔
263,یہ سٹیڈیم چھ شہر کِس شُمالس حصس پیٹھ۔
264,کیا تہہ کنہہ کھتہ یژھان چِھ؟
265,مے دوستس چھُ اُلٹی ہِشِف کان ۔
266,فوج آو دفاعی فوج پٹھۍ استعمال کرنہ ۔
267,یِم غلط تصورہ پیٹھہ چھِ غیر متوقع نتیجہ ولِتھ ۔
268,مے چھ واریاہ پریشان۔
269,کشتی آو پورٹ کرایہ کرنہ ۔
270,پُلیٖس چُھ پننہِ معاشرس منز اکھ اہم کردار ادا کران۔
271,مے کٔر دستاویزچ واریاہ کاپی۔
272,کمپیوٹر چھ سکولن منز کورکلوما منز شمل۔
273,صنعتس منز نوآوری حوصلہ کرنہ خطر چھٗن ضرورت ۔
274,سُہ چھُ واریاہ کارکردی شخص ۔
275,اکھ تھنڈر کلپ گوو یسہ پٹھہ دھما ۔
276,کیا تہہ مینس خطر پیتھ بناوو؟
277,یہ چھٗ پننہِ طاقت تہ ضعیفیت جاننا خطر اکھ خطر ۔
278,یہ چھ صرف پونسہ ہند ضایع۔
279,مے چھ پٹھۍ پٹھۍ پٹھۍ پٹھۍ پٹھۍ پٹھۍ پٹھۍ پٹھۍ پٹھۍ پٹھۍ پٹھۍ پٹھۍ پسند۔
280,سُہ آو اکھ ڈوُنڈ وُچیر دِنہ ۔
281,سُہ چھُ اکھ ذہین تہ اکھ ذہین ساتھی۔
282,کیا یہ کھتہ ستہِ چائے شمل چھے؟
283,شاندار طالب علمن ہندین رپھ چھ ہمیشہ تمن پیٹھ فخر محسوس کران۔
284,شُرِ سہِ اچھی پٹھۍ کم کرنہ آمژ ۔
285,اگر ہم گرمی کران چھِ یِہ زِ یہِ چُھ سروُد گژھان۔
286,س چھے مختلف پلو ۔
287,ربطہ چھِ بھروسہ پیٹھ بناونہ یِنہ یِوان ۔
288,مے چھِ کمزور ہندِ لٹہِ ۔
289,تہہ چھِ بچہ خوفزد کران۔
290,سُہ چُھ بے قبل ۔
291,ہمن کور 10 ؤری منز تِم دشونی دور ۔
292,ججین ہندِس ناوس پیٹھ بیمارن ہندِس جسمس منز دخل۔
293,مے کٔر سڑکہ پیٹھہ كرنہ خطر اکھ پرنسہِ نفرس مدد۔
294,پرنہ مشین اوس سخت ییلہ یہ اکہ ریتہ وقتہ ہندس فاصلہ پتہ کم اوس۔
295,سُہ آو مے مینس دفترس منز کاروبرنی تجویز ستۍ مے وٗچھان۔
296,تم چھٗ پننِس حقن پیٹھ دُباران ۔
297,مے چھ پنن نیچِ ہاسن ناو ۔
298,یقینی طور، کیا تہہ یس متعلق کنہہ کنہہ کرنہ یِنہِ؟
299,سُہ اوس ٹیسٹس منز تریِم کھتہ کھتہ۔
300,سندۍ وون تٔمۍ کنہِ چلاونہ یِنہ ۔
301,س کٔر پننہِ نوِ کپڑاس منز پوش۔
302,یہ چھ گژھنہ خطر گناہ ۔
303,ٹیلی فونن دِیوُت اکھ ٹینکل۔
304,تٔمۍ کٔر فوجس پیٹھ دہ حملہ کرنُک حکم۔
305,مہمانن ہند خوش آمدید کرنہ خطر چھ عادی۔
306,تٔمۍ کٔر مے گژھنہ سندِس قصہ سند ۔
307,مے کٔر پننہِ پورس کٔر۔
308,تمو سہِ دن لٹہ پیٹھ۔
309,سُہ اوس پننِس بوسس ستۍ آسن کال کرنہ پتہ پریشان۔
310,نوو طالب علمن ہند کاشت چھُ کارکردی۔
311,سُہ چُھ نہ ونہِ بیمار۔
312,تمہِ سنز بے كھہِ نوٹِرِو مے زخم دِژ ۔
313,بہ چھٗس ایم پی ہُک مقمی ۔
314,مے کور مینس ماجہس مے ستۍ آسنچ پوٗر مگر س س نہ کانہہ نوٹ کران۔
315,یہ منصوبہ چھٗ WHO کہ ذریعہ سرمایہ کری کران ۔
316,ہمیشہ بڑن ہند احترام ۔
317,یہِ مُتبِق چُھ اکھ مشکوٗر۔
318,س چُھ اکھ تلوان کاروبار کم کران۔
319,س کٔر تمہِ وچھِتھ پننہِ سر تبدیل۔
320,کیا تہہ ہیکِو یہِ کارن ہنزِ لٹہِ کم کٔرتھ؟
321,سُہ آو سرد رسیپشن دِنہ ۔
322,تمہ منز کانہہ سہ طویل۔
323,مہمانن کور گرم خوش آمدید۔
324,دیوتا چھ امہ کائناتک بناونہ ۔
325,یہ چھ تمہِ سنز ذتی کم۔
326,س اوس غمس منز گژھان ۔
327,تِمَن چھِ پننہِ کم کرنہ خطر واریاہ وقت باقی۔
328,لوکن ہندِ اخلاقیات ہند معیار چھِ بڑنہ یوان۔
329,ییلہِ فوجری ہُند جسم جری گژھان اوس، لوٗکن منز اوس ژلوو۔
330,تٔمۍ کور پننہِ چلہِ پیٹھ اکھ لگہ ۔
331,بہ چھس رگ خطر یژھان۔
332,ملِس تہ ملِس ملِس کٔرِو ولہِ ہندِ تبادلہ ۔
333,جنگجو س پٔتمِس سیزنس منز بہتریٖن ۔
334,یہِ چُھ تُہۍ پٹھۍ پٹھۍ پٹھۍ پٹھۍ پٹھۍ پٹھۍ پٹھۍ پٹھۍ پٹھۍ پٹھۍ پٹھۍ پٹھۍ پٹھۍ پ
335,کشتی کھوو سمندرس منز طوُفہ کِنہ كِنہِ وجہ ستہِ ۔
336,پتہ کور ہندِس ہندِس ملِس بییہ داوطلب خطر۔
337,پلاسٹک چیزن ہند قیمت چھ دھاتن ہند قیمت کھتہ سستہ آسان۔
338,بہ چھس پننہِ شُرِن ہُند فخر۔
339,مے چھِ ژھنہِ پلو ہندِ پلو خطر ۔
340,ییلہِ ؤرۍ اکہِ گڈ گژھان چھِ، یہِ دہ چُھ بدلان۔
341,یہ اوس اکھ خوبصورت آبدی ہندس آبدی ۔
342,سُہ اوس بے ولِس، زیاد روحس تہ پننس یقینس پیٹھ۔
343,مے چھ تمہِ سنز کارکردگی ستۍ واریاہ حیران۔
344,ہم کٔرِو یِم چیزن درمیان اکھ مُتقابِل ۔
345,بیلس منز سہِ پٔٹھۍ زیاد مچھلی ۔
346,سُہ چھُ پننہِ شعبس منز اکھ ماہر ۔
347,زلیی ہندِ وجہ ستہِ یہِ عمارت تباہ ۔
348,صبحہ بٔرِتھ چھِ جسمس خطر پیش گژھنہ یوان۔
349,صدر سندِ ہدایتس تحت آو اکھ نوو کونسل قیم کرنہ۔
350,س سہِ بٔڑس پیٹھ واریاہ مختصر۔
351,توہہ ہیکو کنہہ دکانہ منز آبنی رنگ خری یِتھ ۔
352,مرنہ آمتہِ مردن کور پننہِ نیچِس برکت ۔
353,واریاہ لوٗکھ چھ پرتھ دہ اتھ مندرس منز آوان۔
354,سپرویزرن کور تٔمۍ کم پٹھ شراب پکانہ پتہ دہ دہ۔
355,سُہ آو خاندان ہنز وارثیت ہندِ نِش بچنہ ۔
356,پولیسن کور لوٗکھ ڈکوٹس پیٹھ آزاد۔
357,تٔمۍ کٔر پننہِ کورِ ہُند تصویر۔
358,بہ چھس واریاہ شکر ستۍ چائے پکان۔
359,سُہ چھُ اکھ جُرم کرنہ آمُت۔
360,تٔمۍ کور پنن گندنہ باپت معاف۔
361,مے چھس تٔمۍ پننہِ وچھِ خطر حصِل کران۔
362,تمہِ کور پننہِ مونہِ پارٹی منز شرکت کرنہ خطر شفا۔
363,تٔمۍ کور خزانہ دار کم کرنہ خطر رضامندی۔
364,یہ وِبِرٹر چھِ درد کم کرنہ خطر استعمال کرنہ یوان۔
365,اِجیی وقتس منز آو اتحاد اعلان کرنہ۔
366,پینسہِ پینسہِ پینسہِ پینسہِ پینسہِ پینسہِ پینسہِ پینسہِ ۔
367,اصل پٹھۍ چھ سُہ رِیاہَدَس منز کم کران۔
368,پننہ مسلہ حل دِنہ خطر چھُس تِہ صلح گژھان۔
369,داندارن کور پننہِ مولرس پیٹھ اکھ تاج۔
370,یہِ اثرات سہِ بڑس منز اہم۔
371,بھگوت گیتا چھُ ٹھہِ فصل ۔
372,رامن کور بینکر سندِ پونسہ قرض۔
373,بیسٹن ہند کھیننہ چھ اکھ بوڑ کام۔
374,تٔمۍ کٔر چرچس خلاف اکھ ٹایراڈس منز شروٗع۔
375,یہِ چُھ نہ قصہ منز سچچ اکھ رٹہ۔
376,براہ مہربانی پنن ناو تہ پیشورانہ کنہِ کاغذس پیٹھ لکھوِو۔
377,س اوس پننہ دوست سندِس سرد رسیپشن ستۍ زخمی ۔
378,پرنٹنگ ہند اختراعاتہ پتہ چھٗ أمۍ ستۍ ستۍ واریاہ تبدیلی۔
379,ممکنہ ستۍ طالب علم ہنز حوصلہ چھ سخت کم کرنہ خطر حوصلہ یوان۔
380,ییلہ مے گڈ مشکلس منز تھاو، تٔمۍ س مے مینز اکھ حصہ پٹھۍ مدد۔
381,یہ چھ بے وزن بیکٹ یتھ تہہ ہیکو یہ بتھ ۔
382,تٔمۍ کٔر ججس برونہہ مٗتعلق واقعاتن ہُند بحث۔
383,دیوارس پیٹھ لگنہ آمتہِ رنگہ چھِ اکھ لکٹہ ۔
384,صدرس چھ تمام فیصلن پیٹھ وٹہ کرنُک طاقت۔
385,کتابہ نیبس پٹھ تھووِو۔
386,کینہہ فنڈنگ ایجنسی چھ تحقیقتی منصوبہچ حمایت کران۔
387,یِم بینہِ ہندِ نہ ہندِس پٹھہِ ۔
388,یہ اوس صرف اکھ تراژیک تصادف۔
389,تٔمۍ کٔر اکھ خوبصورت تصویر۔
390,یہِ چھُ ماننہ یوان زِ تِم چھِ ریمیوورووس۔
391,سُہ چُھ صرف مِلک کھینچ کھتہ یوان زِ سُہ چُھ سندِس گژھنس منز زخمچ وجہ ستہِ ۔
392,پریتھ صبحہ پننہِ دہہ تُلان۔
393,گھرس منز چھٗنہ کانہہ پھل ۔
394,یہ چھ ونہِ تہِ زِیاد روزنچ عادی ۔
395,س چُھ پننہ دفتر تام بس ستۍ سفر کران۔
396,س چھِ وچھِ ساروے کھتہ زیاد آرام دہ کِس کِس پٹھۍ پٹھۍ تیار۔
397,امہ مُلکُک ناونی فوج چھ واریاہ واریاہ ۔
398,طالب علمن کور شہزادی برونہہ تیسین فریزرن ہند معذرت۔
399,وِی پی سینگھ اوس اقوام متحدہ ہندِس اجلاسس منز اکھ مہر۔
400,تمو کور پہاڑچ ستہِ وچھ ۔
401,اتھ سڑکہِ پیٹھ چھِ کورِ واریاہ خطرناک۔
402,س کٔر آبچ پٹھہِ ستہِ پٹھہِ پٹھہِ پٹھہِ ۔
403,روُدِ وجہ ستہِ سہِ دہ دہ مِنٹ ضری کرنہ ۔
404,لڑکن کور پارٹی منز گژھن۔
405,اگر تہہ علم یژھان چھ، توہہِ چھُ تہہِ اتھ خطر کم کرنہ یِنہِ ۔
406,دھوکہ دِنہ چھِ ہواس منز ولۍ ۔
407,بُرگر آو غرورس منز رٹنہ ۔
408,سُہ چُھ ستۍ ستۍ ستۍ ستۍ ساروے کھتہ زیاد کھتہ زیاد کھتہ زیاد کھتہ زیاد کھ
409,براہ مہربانی پننہِ دہ کھولو۔
410,ہمالایہ پہاڑ چھ ہندوستان کِس سرحدس پیٹھ۔
411,سُہ گژھنہ بگہِ ہندِس وجہ ستہِ ۔
412,شعرین کور ہمالایہ ہنز تاج بیان۔
413,یہِ چھُ تٔمۍ سندِس نصف پٹھۍ پٹھۍ پٹھۍ پٹھۍ پٹھۍ پٹھۍ پٹھۍ پٹھۍ پٹھۍ پٹھۍ دِنہ یوان
414,س گٔیہ پننہ دوستس ستۍ کتابہ ۔
415,تمہِ ستہِ مقابلہ کرنہ خطر چھٗنہ یِنہ یِنہ یِنہ یِنہ یِنہ یِنہ یِنہ یِنہ
416,تٔمۍ کٔر اکھ گڈ سان سانس تہ دٔریاوس منز دٔریاو۔
417,گلوکارن کٔر نوٹہ واریاہ زیاد پٹھۍ کم۔
418,مے چھوو نیچِس چھِ اکھ تھرش ۔
419,تٔمۍ کٔر دیوارس پیٹھ اکھ تصویر بناونہ ۔
420,تم چھِ فہرستہ ہُند پروگرام کرنہ آمت تہ توہہِ چھِو گڈنِک بولنہ یوان۔
421,تُہۍ توجہِ ہند اثر نہ تُہ۔
422,سیاحن کٔر بسہِ بٔڑِ ۔
423,مے کٔر پننہِ تمام پلو پٹھ لگوِتھ ۔
424,تِہ اوس نہ کانہہ توقع زِ یِتھہ كہِ كارہ گژھِ ۔
425,تٔمۍ یس علاجچ ضرورت ۔
426,بہ چھس قسم کرنہ دوران شیشل پٹھۍ لگان ۔
427,سُہ اوس وسطی تہ وِزِیوِتھ ۔
428,تہہ ہیکو نہ پننہِ ساتھین ہندِس ستۍ کاروبار کٔرتھ۔
429,تٔمۍ کٔر ساتھی سفرگارن ستۍ چیٹ کرنہ خطر وقت خرچ۔
430,براہ مہربانی ہارڈرس منز بلب ٹھیک کرو۔
431,اَتھ کٔرِووِ سُہدِس ستہِ دن اہم پوائنٹن ستہِ رُبطہ ۔
432,ہم کٔر اکھ خوبصورت بییہ منز۔
433,تمہِ سُند بہر چھُ نوجوان ہندِس رتہِ ہندِس رتہِ ۔
434,ٹرین چُھ حرکتس منز جیلہ آمُت۔
435,یہِ جوڑ چھُ اتھ گھرس منز روزان ۔
436,کمپیوٹر چُھ ٹھیک کم کران۔
437,راجس کور صورتحالک پوٗر فید۔
438,تہہ چِھ پننہِ درجہ حرارت شمل کرنُک ضرورت۔
439,سُہ چُھ کنہہ کنہہ کرنہ خطر سرکرِی طاقت۔
440,سُہ چُھ اکھ وِیوُلا ادا کران۔
441,ٹیبلس پیٹھ چھ کینہہ نقطہ۔
442,صداقت چھ اکھ عزت۔
443,یہ اوس اکھ لائیو ڈراما ۔
444,مے چھٗ کنہِ شکلہ منز شکارس خلاف۔
445,سُہ آو قتل کرنہ خطر سزا دِنہ ۔
446,س اوس اکھ بوف رنگہ ساریہ پوشان ۔
447,تمہِ سنزِ تبصر چھِ ہمیشہ بیمار شخصس زندگی روزان ۔
448,تٔمۍ کٔر ریکن ہندِ رٹنہ خطر اکھ کارٹ استعمال۔
449,یہ چھ ساروے کھتہ زیاد آبچ کارریئر یمتہِ وچھمتہِ چھ۔
450,تمو کور مُردہ دِنہ ۔
451,حصِل کٔرِو مردن ہندِس پٹھ دِژ ۔
452,اکھ وٹن کٔر زخمی گھون ہند علاج۔
453,ییلہ ماریمبا ریتم گِنڈنُک آغاز گژھان چھ، مے ستہِ رقص۔
454,سپاہو اوس پٹھۍ پٹھۍ پٹھۍ پٹھۍ پٹھۍ پٹھۍ پٹھۍ پٹھۍ پٹھۍ پٹھۍ پٹھۍ پٹھۍ پٹھۍ پٹھۍ پٹھ
455,ہمن کور پننہ قانونی پریشنی حل کرنہ خطر اکھ وکیل کم۔
456,پانژھ چھ مینۍ خوش قسمتی نمبر۔
457,مے کور تٔمۍ پارٹی منز آونچ وون ۔
458,ملۍ سہِ یِمتہِ امتحان پیٹھہ تراونہ یِنہِ ۔
459,س چھ اکھ واریاہ مہارت مند وکیل۔
460,تمہِ سنزِ نبِی چھِ ٹھۍ پانژہِ پٹھہِ ۔
461,تمہِ سنزِ ورناکلر سٹائل چھِ پریتھ سندِس پسند کران۔
462,سُکول چھُ دریاو بینک ستۍ نزدیک۔
463,تٔمۍ پسند کٔر حقیقت تہ نہ تشدد۔
464,یہ زیاد تر پیاز چھنہ نہ دہ لُکھ کھیننہ یوان۔
465,مے چھنہ وتہِ اتھ تعمہِ خطر تیار۔
466,مے چھ پننہ مُلکن لوٗکن محبت کران۔
467,سُہ چھٗ پننہِ ہومِس خادم ۔
468,کمپنی کٔر وقتس منز سامان تحویل۔
469,براہ مہربانی کٔرِو زمینہ ۔
470,سڑکہ کِس کونس منز چھ اکھ خریدار ۔
471,رامَن کور اکھ لُٹہ شُر یُس اکھ پرتھ گژھنہ آمُت۔
472,سُہ چُھ اکھ مشہوٗر ڈاکٹر ۔
473,سکول چھ اکہ سیشنس منز صرف 50 طالب علم قبول کران۔
474,سُہ چُھ اکھ ذتی طور قبل کرنہ آمتہِ شخص۔
475,تم چھ اتھ گھرس منز روزان ۔
476,ییلہ مینۍ ندِس چھے زیاد پیتھ، سُہ چھے واریاہ ٹکولٹِتھ۔
477,سڑک نقشہ چھ واریاہ کنٹور ہاونہ آمژ ۔
478,س چُھ کمپنی ہُند بادشاہ ۔
479,تجارت جنگ ہنز اجرتہ وجہ ستۍ ہنز اجتناب کرنہ۔
480,تِمَن منز سہِ تِمَن درمیان دوستی ہُند قبل ربط ۔
481,س کٔر مے خلاف وٹریولک حملہ شروع۔
482,س س نہ نیبر گژھنہ خطر اکھ مٗناسب معذرت۔
483,مے چھ یہ جشن واریاہ غر غر غر غر غر غر غر غر غر غر غر غر غر غر غر غر غر غر
484,یہِ واریاہ چھُ تٔمِس خطر رونہ آمُت۔
485,یِم لوٗکھ چھِ واریاہ تِم لوٗکھ ٹِبروکلووزس پٹھ بیمار۔
486,حقیقت اوس واریاہ دردناک۔
487,س کٔر پہاڑس پیٹھ کٔر۔
488,ییلہ سنزِ کینہہ دہہ ہندِس اعصابہ ستہِ گژھان ییلہ سنزِ سندِس درِس منز د
489,لوکن ہندس برونہہ ہندس لہرس پیٹھ ہندس لہرس پیٹھ چھ واریاہ سخت ماننہ یوان۔
490,تٔمۍ کٔر پننہ کام حیرت انگیز طریقہ پٹھ مکمل۔
491,سُہ اوس خوف ستۍ پریشان۔
492,مے چھ عام طور نہ موسم گر منز سفر کرنس پسند۔
493,مے سہِ مے مستقبلس پیٹھ لگتاہ اکھ نیہ ونسہِ ستہِ پٹھ ۔
494,پریس ریکارڈر آیہ اجلاس ستۍ تعلیم دِنہ ۔
495,معاف کر، کیا مے کٔر تہہِ کینہِ پیٹھ ٹرٹ؟
496,مے اوس پنن ٹینڈیلس نیران ییلہ مے ینہ ینہ ینہ ینہ ینہ ینہ ۔
497,مریض سندِ خون س نہ گژھنہ ۔
498,تم چھ وول سنز اکھ نکلاسیہ کنہ یوان ۔
499,کلاس اوس اتھ تھکاوٹ ز تمام طالب علم سہِ ملی طور مگر ذہنی طور کینہہ بییہِ ۔
500,یہ معاہدہ ہیکہ پنن کاروبارس منز کرنہ یِتھ ۔
501,س چھ مے تکنیکی مسلن منز مشور کران۔
502,یہ عمارت چھ دنیاہس منز زمیٖندتہ اضافہ کران۔
503,س چھ پور دنیاہس منز سفر کران۔
504,ہم چِھ چیز وزن ستۍ پیمیی کران، نہ وزن ستۍ۔
505,ییلہِ ہم پننہِ گھر منتقل گژھان اوس، تِہِہ سہِ نِشِمژ واریاہ دوستانہ۔
506,ہم چھ موسیقی تہ رقص ہند لطف تہ تھیٹرس منز۔
507,کھینچ پٹھۍ اکہِ بٔڑِس کِس کِس کِس منز ۔
508,سطحنی زخم چھنہ سنگین۔
509,نیبرہہ آوِ بوہ نہ خوشگوار۔
510,چِھ، یہ چھنہ تہہِ کنہہ تہِ مٗتلِف مدد کران!
511,س گڈ راتہ بیدار ۔
512,مے چھِ ٹھنڈچ وجہ ستۍ پٹھۍ پٹھۍ پٹھۍ پٹھۍ پٹھۍ پٹھۍ پٹھۍ پٹھۍ پٹھۍ پٹھۍ پٹھۍ پٹھۍ
513,سُہ چُھ مے دہ گرم سان دُتھ ۔
514,لڑکہ کٔر ناگہ پننہ سیٹ پیٹھ پٹھ پٹھ پٹھ پٹھ پٹھ پٹھ پٹھ پٹھ پٹھ پٹھ پٹھ پ
515,تم چھ تِمَن دِنہ خطر بحث کران۔
516,لوٗکھ سہِ عالمی کپس منز ہندوستان ہندِس شکستس منز ہندِس اکھ حالتس منز۔
517,کیا تہہ ہیکِو مے پننہ کاغذی ناپس دِتھ؟
518,وزیر اعظم سندِ دفترہ برونہہ جمع گٔیہ واریاہ لوٗکھ ۔
519,ہم ہیکہ روزانہ ضرورتہ خطر باقین پٹھ انحصار کرنہ یوان۔
520,مے چھِ پٹھۍ راتہ ہند آرام پسند۔
521,کھینچ ضروٗرت نہ کٔرِو ۔
522,تم چھ اکھ لوسہ اتحادس منز شمل ۔
523,اَمہِ جمعہِ کور اَکھ اجلاس ۔
524,یہ کرنہ خطر چھنہ ملی ۔
525,س آیہ سٹیئرن ہندس پٹھ نیبر کران۔
526,یہ واقعہ کٔر تٔمِس منز بے غر غر غر غر غر غر غر غر غر غر غر غر غر غر غر غ
527,س گٔیہ أکِس ؤرِس منز پننہِ تمام وارثیت خرچ۔
528,اگرچہ س چھے واریاہ غریب، س چھنہ پننہ عزت ضروٗرت۔
529,مے کور یونیورسٹی آف منچسٹرس منز اکھ شمِل شِپ۔
530,توہہ کنہِ جاے؟
531,تمہِ سنز رفتار چھِ خاندانس منز تعریف کرنہ یوان۔
532,توہہ کنہِ تہہِ تہہِ تہہِ تہہِ دعوت دِنہ کرنہ خطر چھے یژھان؟
533,بہ چھٗنہ چیز چھٗنہ ۔
534,ڈاکٹرن کٔر مریضس واریاہ اچھی سان جیز۔
535,مے کٔر زائرنہ کرنہ آمژ پروفیسر کِس طورس منز شہ ریتس منز روزان۔
536,ایئر لاین چھ ہیڈس ناکام گژھنہ خطر تنقید کرنہ آمژ۔
537,سُہ چھ پرندِس قصبس منز روزان ۔
538,بہ چھس تہہِ سندِس کِس رِیوسہِ منز انتظار کران۔
539,مے کٔر اکھ کتاب تہ پریس خطر تیری۔
540,سُہ ہیکہِ مُہدِ كم کرنہ یِتھ، حالانکہِ سُہ اوس سخت پٹھۍ قبل کران۔
541,س کٔر واریاہ طاقتس ستۍ بولان ۔
542,اتھ دنیاہس منز چھ اہم چیز سچنی ہندۍ ۔
543,بنگالور چھ باغن ہند شہر ونان ۔
544,وینگر استعمال کٔرِو وننہِ خطر ۔
545,تہہِ چھِ ٹرانسپورٹ حصل کران۔
546,سُہ چھُ أکس خاندانس منز ادیگی کرنہ خانددار پٹھۍ روزان۔
547,ساکین چھ اکھ بہتٔریٖن کریکٹ کھلڑۍ ۔
548,اگر تہہ یہ کام خطر درخواست دِژھِو توہہِ تِم پننہِ وِٹِیوِوِوِوِوِوِوِوِوِوِوِوِوِوِ
549,س چھ ہمیشہ ستہِ ستہِ كران ۔
550,تٔمۍ کور نہ دوبار اتھ گژھنُک وعدہ۔
551,مے چھ پننہِ ضمیرس منز واریاہ واضح۔
552,مے چھس خوفزد ز بہ چھس نہ پیٹھہ پتہ۔
553,مے کٔر پننہِ بہن ستہِ ستہِ قصہ دِوان۔
554,تمو کور اکھ نفر اندھ منز گژھان۔
555,سہِ چھُ کمزورِ ہُند مدد کرُن۔
556,مے چھٗ کم اہم ز لوٗکھ چھٗ مے کس خیالس پیٹھ۔
557,س چھے پننِس بنسہِ ہندس چہِ منز واریاہ کم وچھنہ۔
558,تمو کور عموٗم سان مسلہ نِش بچنہ ۔
559,جانورن ہند ڈاکٹر بنون چھٗ مے زندگی ہندس پٹھۍ خری ۔
560,سہِ کورنر پیٹھ ترییِم سٹوری عمارت۔
561,لڑایہ ختم گٔیہ صرف پولیس وقتس منز آسنہ ستۍ۔
562,ریلہ ستۍ ستۍ ستۍ ستۍ ستۍ ستۍ ستۍ ستۍ ستۍ ستۍ ستۍ ستۍ ستۍ ستۍ ست
563,کینہہ نوجوان چھ یوگا کلاسس منز شمل ۔
564,مے سرے سرکرِتھ رسمی ہُند پور رسمی ہُند عمل چھ مینہِ سِکٹرِری کران۔
565,کونسل چھ شہرس منز ٹریفک کم کرنہ کس طریقس پیٹھ کم کران۔
566,سُہ چھِ پننہِ سندِس زخمہ ستہِ واریاہ بیمار گژھان۔
567,تٔمۍ کٔر پننہ جایہ فخر سان پیش ۔
568,بہ چُھ بہ پنن لوٗکن ستۍ ملاقات کرنہ خطر پننہ گاہس منز گژھان۔
569,یہِ کتاب آزانس دِیوُت تہ باقیِ آڈیمس خطر بچوُن۔
570,یہِ کمدی چُھ تمہِ سندِس پرتھ خطر زاننہ یوان ۔
571,ہمن کور شہر صاف کرنہ خطر اکھ نظام تیار۔
572,اتھ حادثس منز آو کارچ سندِس بندِس حصہ خراب۔
573,سُہ چُھ غر غر غر گژھنہ خطر اکھ عظیم دُعا۔
574,براہ مہربانی پننہ سخت رفتارس پیٹھ معاف کرن۔
575,تمو کور پننہِ فصلہ قبول ۔
576,ہم سب سہِ پننہِ دوست سندِس جایہِ منز راتہ برونہہ روزان۔
577,جنسی زیاد کرنہ ہند دعواہ ستۍ چھ ز پولیس افسرن خلاف مقدمہ کرنہ یوان۔
578,یہ کتاب چھ واریاہ دلچسپ ۔
579,یہِ ہیکہ نہ یِتھہِ ہُند پَروِتھ قابل قبول ۔
580,ڈرائیور اوس سڑک علامت قبل کرنہ خطر گژھان۔
581,تمام سہِ نتہ ہندِ انتظار کران۔
582,مجرمن کور جیلہ نیرنہ ۔
583,یہ تصویر چھ نسبتاً اچھی۔
584,کیا مے ہیکہ تہہ مدد کٔرتھ؟
585,س اوس غصہ ستۍ زاندتہِ ۔
586,یِم کٔمیٖن چھِ پننہِ ریشِش ستہِ آبچ پٹھۍ پٹھۍ پٹھۍ پٹھۍ پٹھۍ پٹھۍ پٹھۍ پٹھۍ پٹھۍ پ
587,ہاکی ٹیمس منز چھ 11 کھلڑۍ ۔
588,سُہ چُھ وِٹِکولٹرسٹ ۔
589,لائبریری منز چھ تہہ کتاب واپس کرنہ خطر پینلٹی ادا کرنہ یوان۔
590,مینز پاو چلاونہ شروع۔
591,تمو کور مے اکھ ٹایڈایہ کمرس منز۔
592,تِہِ چھِ تِہ پننہِ مُلکِہِ ہُند عزت خطر لڑژ۔
593,مے کٔر نہ کنہہ کنہہ کنہہ کٔرِتھ پننہ زندگی خراب۔
594,مے چھ پننہِ سالانہ امتحان خطر تیار کرنہ یوان۔
595,سُہ چُھ اکھ جانورن ہندِس سرجین۔
596,تمہِ سنز فن خرِینہِ پھول ۔
597,سیسی مسلہ پیٹھ اوس بحث۔
598,تِم لفظن ہنز درجہ بندی کرنہ یِنہ چھِ مُختٔلف زمرن منز ۔
599,پننہ قیمتی چیز لوکرس منز رٹان۔
600,سُہ چھُ کام تیزی سان ختم کران۔
601,ہم ہیکو تعمیر کرنہ خطر ذٔریعہ استعمال کٔرتھ۔
602,مے چھُ زِ سُہ اوس ہمیشہ اکھ شیرین بولن ولۍ۔
603,سُہ کور مے پیٹھ ٹریک ستۍ پونسہ۔
604,گاو آو وینیٹرینری ہسپتالس منز ۔
605,شیرس منز چھ کیلسیوم شمل۔
606,شُرِ ہُند دُنہ اوس وِزِیڈ ۔
607,مے کٔر پننہِ تمام پلو کابینہس منز ترتیب۔
608,س اوس پٹھۍ اتھ ادارس منز کم کران۔
609,سُہ آو حالے پُنگابُک گورنر نِنہ ۔
610,ہم چھ ہویی اڈس منز تٔمۍ ہندِس وودھ دِژان ۔
611,آب چھ راتس دوران مضبوط گژھان۔
612,تمو کور الگ رہنُک فصلہ۔
613,مے اوس نہ تہِ نوو گھر وٗچھنُک موقعہ۔
614,سُہ چُھ اکھ بٔڑِس نفر ۔
615,بد کمپنی منز بییہ اکھ کھتہ بہتر۔
616,مے چھنہ گِنڈنہ خطر وقت۔
617,تمہِ سنزِ چُھ دُنیاہِ ستہِ ڈروِتھ ژلٹہ یوان ۔
618,ملی مسلسلس منز چھ نہ کانہہ شکوٗر منز ماں سنز پیشییی حیثیت۔
619,ٹرین کس تباہی منز آو دہ لُکھ مارنہ ۔
620,ٹیم گِیُن اکھ عاد کھیل ۔
621,س گژھہ دہ دہ دہ ۔
622,یہِ ہُندِس دور چھُ بٹاملوُس منز واقع۔
623,کریکٹ پسندن سۍ میچ واریاہ پریشانگی سان وچھان۔
624,تم چھ بِلَس خلاف فعال طور لابی کران۔
625,پٹھہ پٹھہ کوششہ ستۍ سۍ تم پننہ مسلہ حل کرنس منز کامیاب۔
626,ملہِ ستہِ ہندِس تِمَس ستہِ نہ تِہِہِ ۔
627,یہِ بیمار چھُ تٔمۍ کمزور ۔
628,تِم سۍ عظیم لڑاکار ۔
629,ہندوستنۍ مارکیٹَس منز چھِ کل کری ہُند 40% حصہ۔
630,سڑکہِ منز اوس کنہہ شور ۔
631,تمہِ سنز زندگی چھ خطر۔
632,ونڈو اوس جھیٖلچ اکھ شاندار منظر پیش ۔
633,صنعتی مُلکن چِھ واریاہ مقدارس منز قدرتی ذٔریعہ استعمال کران۔
634,مے صرف پننہِ ہندِ پٹھۍ پٹھۍ۔
635,مے اوس یتھ تِم چِھ وُچھان کرنہ خطر صرف كھوتھ نزدیک کھتہ کھتہ کھتہ کھتہ کھتہ کھتہ کھ
636,سونچ ہنزِ ہنزِ ہنزِ ہنزِ ہنزِ ہنزِ ہنزِ ہنزِ ہنزِ ہنزِ ہنزِ ہنزِ ہنزِ ہنزِ ہنزِ ہنزِ ہنزِ ہنزِ ہنزِ ہنزِ
637,یہِ کھیل اوس زِیاد ۔
638,یہ لکٹہِ کورِ چھ واریاہ لکٹہِ ۔
639,سُہ چُھ اکثر مینس گھرس منز آوان۔
640,تمو کور پننہ کام کم کرنہ باپت۔
641,دھوکہ کٔر آگ ہند alarm شروع۔
642,تمہِ سندِ سندِ دہ چھِ طویل تہ تھول۔
643,بہ چھس ترین ؤرین ونہِ ۔
644,اضفی حالاتس منز ہندۍ عمل کرنہ خطر چُھ ضروری۔
645,یہ پروگرام آیہ دویمہ دہ منعقد کرنہ ۔
646,افسرن ہند اکھ لٹہ ستہِ ستہِ پٹھۍ۔
647,یہِ ہیکو اکھ وائرس ۔
648,"""چیلڈ"" ہُند کُلِہ چُھ کُلِہ ؟"""
649,عمارت ہند پور ٹاسٹ چھِ بحالی ہنز ضرورت۔
650,یہِ شخص اوس شُرِ لاینہِ پیٹھہ گژھن وچھان۔
651,سپرویزر اوس پننہ کامہ ستۍ پوٗر پوٗر رضامندی۔
652,مے وچھ ملِس منز اکھ ڈراو۔
653,مے چھ واریاہ تھکر۔
654,تم چھ ییتہِ پیٹھہ مغربس منز روزان ۔
655,مینیجرن کور یہِ تجویز خوش آمدید۔
656,مٗسکیٹوس کٔر کنہہہ کُنہِ رٹِبِٹ خونس پیٹھ کھتہ یوان۔
657,پُلیٖس سندِس پٹھہِ سوال کرنہ ستۍ کٔر تمہِ غر وچھان ۔
658,تمو کور مین نقطہ نظر قبول ۔
659,آسہ اوس اَکھ ستہِ ستہِ ستہِ پوٗر۔
660,کیراونس منز س پریتھ دہ تقریبا 100 میل پوٗر۔
661,مے چھنہ پٹھۍ پٹھۍ پٹھۍ پٹھۍ ضرورت، مے چھ یہ رد کرنہ آمژ۔
662,ڈینامائٹ ہس منز کم کرنہ خطر چھ یہِ واریاہ خطرناک ۔
663,مے چھ اکھ پارٹی یژھان۔
664,فوج کِس سرپرستَن ہُندِس دور کٔرِو سرحدی علاقَن ہُند دور ۔
665,سُہ بنیو امریکہچ نایب صدر۔
666,سُہ س پٔتمِس جمعراتس منز خری ۔
667,تم چھ کولیسیمس منز گِنڈ کران۔
668,امبلس آیہِ تصادف کینہِ مقامس منز تفصیل دِنہ ۔
669,مہمان آیہ دویمہ دہہ۔
670,زنانس منز چھ ووٹ کرنُک حق تہِ۔
671,نیون چھ اکھ خاص طور قسمتی لکو ہندس لکو ہندس لکو ہندس لکو ہندس لکو ہندس ل
672,کمپنی ہنز پروڈکشن ہنز گراف چھٗ یِہ ۔
673,یہ غذا چھ سبزی تہ سبزی ہندس ستۍ پٹھۍ۔
674,افسانہ ہندس جادس منز دن بہن ہندۍ دشونی منز تبدیل۔
675,سُہ چُھ اکھ وسٹرل شخص ۔
676,یہِ کم کٔرِہہہ تاخیر ورے شروع۔
677,مے کٔر پننہ بندہ کٔرمژ ۔
678,نابل چھ اتھ دور یوان ز تمہ چھنہ کفی تفصیلس منز نظر انداز کرنہ یوان۔
679,یہ زمین چھُ اکھ حکوٗمتنی ادار ستہِ ربطہ ۔
680,یہِ ستہِ چُھ مے گھرس منز گژھان۔
681,چاند چھِ گڈن پیٹھ اکھ لکٹہ ولۍ لکٹہ ۔
682,تمہِ بیمار ہیکہ کمزور غذاس ستہِ ربط کرنہ یِتھ ۔
683,مے چھ یہِ خریدری کران، مگر یہِ چھِ ویران۔
684,تِم چھِ ایشیاہس منز گڈنِچ کتاب توسیع کرُن یژھان۔
685,صحت ہیکہ زندگی منز کامیاب گژھنہ خطر اکھ بار۔
686,تٔمۍ دِیوُت تِہ اکھ واضح خیال۔
687,تہہ چھُ یہِ بہتر زِ یہِ کِس لفظس منز وضاحت کران۔
688,اکھ قبل شخص ہیکن پارٹی ہُند قیادت کرُن۔
689,یہ چھ اکھ ستہِ پینٹنگ۔
690,اکھ ویکسن اوس جنگلس منز روایٹ کران۔
691,تٔمۍ کور پولیسس ستۍ جری ہند الزام دِنہ۔
692,بڑنہ کس وجہس پیٹھ چھِ تُلاننہِ ہُند پٹھۍ پٹھۍ پٹھۍ پٹھۍ پٹھۍ پٹھۍ پٹھۍ پٹھۍ پٹھۍ پٹھ
693,کپر ٹری چھ سٹیرس ستۍ پٹھۍ پٹھۍ پٹھۍ پٹھۍ پٹھۍ پٹھۍ پٹھۍ پٹھۍ پٹھۍ پٹھۍ پٹھۍ پٹھۍ پ
694,تٔمۍ چھٗ اکھ نوو کمپیوٹر حصل کرنہ آمُت ۔
695,آسہ اوس ستار ستہِ پوٗر ۔
696,نوجوان شُر چھِ ماں باپتھ شُر۔
697,یہ چھ روحن پیننہ خطر دِنہ یوان۔
698,سُہ چھ مے ہُند قریبی رشتہ دار۔
699,س چھ ونۍ اکہِ سکولس منز اکھ پٹھ پٹھ کم حصل کران۔
700,پور مُلکَس منز چھُ اکھ بحران ۔
701,پوگاننی س اکھ شاندار وولینسٹ۔
702,مٗترِیونہِ وچھِتھ نہ دستاویزچ قابل تصدیق ثبوت۔
703,مے نچوِس چُھ گامس منز اکھ مزارع ۔
704,مے چھنہ مے دِژھِو نہ۔
705,مے نایاب سندِس فلینس چھ واریاہ لکٹہ ۔
706,لیٹرک ڈیزائن چھ تیار ۔
707,مے چھ ضرورت ولۍ ہنز صحت خطر کم کرنہ یوان۔
708,سُہ اوس واریاہ سپر سٹیٹیوٹِیوُس ۔
709,مے کور تمہِ طیارہ پٹھ گژھنہ خطر قبل۔
710,ڈاکٹرن کور صرف پننہِ ابتدئی مرحلس منز بیمارچ شفا۔
711,یہِ مسلہ متعلق پبلک آہِ وُچھان ہُند ضرورت چھِ ۔
712,کمپنی اوس ناکام گژھنہ خطر۔
713,توہہِ مشکلس منز گژھِو، صرف مینۍ لفظن ہند علامت۔
714,امہ کامہ منز چھٗ أمہِ سندِ مقصد ز فل ۔
715,یہِ چھُ اکھ بٔڑِتھ خبر ۔
716,ہنز كیمبس منز پریشان نہ۔
717,ڈاکٹرن کٔر أمۍ فیور ستۍ شمِل۔
718,سُہ چھُ پننِس بوسسس متعلق وچھہِ ۔
719,کیمیکل کمپنی چھ پنن دریاو تہ ماحولس منز زمیٖن کران۔
720,مے چھ صرف کتابچ خری باب قسم کران۔
721,سُہ چھُ ونسہِ یونیورسٹی آف ڈیلی ہُک نایب چنسیلر۔
722,تٔمۍ کٔر پنن موٹر سائیکل گارجرس منز دخل۔
723,یہِ چھُ اکھ ٹریک پیشکش ۔
724,خوش قسمتی سان سہ نہ زخمی تہ فیکٹری ہس منز زیاد زیاد کم۔
725,شیلپس پیٹھ کتابن ہند شمار۔
726,سُہ گٔیہِ كِس كِس رپھس منز اکھ كھوتہ دوران ۔
727,تٔمۍ کٔر دیہ اجلاسچ قیادت۔
728,یہ چھ نیبرہ پٹھہ پٹھہ پٹھہ پٹھہ پٹھہ پٹھہ پٹھہ پٹھہ پٹھہ پٹھہ پٹھہ پ
729,س چھے طبیعت ستۍ خراب گژھان۔
730,استاد سندِ مرنہ ستہِ ستہِ طالب علمن ہندس ناراض ۔
731,کیا تہہ پننہ پینسل تیز کرو؟
732,عمارتہ آو دھماکہ۔
733,تمہِ کور جنگس منز گژھنہ خطر حکم دِنہ ۔
734,لوٗکھ چھ میچ وچھنہ خطر تیزی سان انتظار کران۔
735,تمہِ کور پننہِ عروسی دہ خطر اکھ شاندار کپڑا۔
736,بہ چھس اکھ نوو میکروسکوپ خریدناونہ یژھان۔
737,مے کٔر ہتھیار ہند مقصدس پیٹھ احتیاط سان ہند مقصد۔
738,پلو ہنز پلو نہ دِژِو۔
739,یہِ چھُ مشور زِ تِہ چیزہ ہُند صحیح پیمانس یقینی بناونہ یِوان یِم تِہہِ خطر کٔرِو۔
740,سزا گژھِ جُرمس ستۍ مُطابِق۔
741,11 طالب علم چھِ ونہِ غر ۔
742,مے چھُ یِہ گژھنہ یِوان ۔
743,س کٔر شیشہ ٹکٹن منز پھٹان۔
744,گاڑ کٔر أکس کٔرِس ستہِ ستہِ ستہِ ستہِ ستہِ ستہِ ستہِ ستہِ ستہِ ستہِ
745,یہِ چھُ اکھ ولِس زیتونہ یِہ تیل ۔
746,س چھے تہہِ خطر زیاد تحفظ۔
747,تٔمۍ کور کالجس منز حصہ وقتہ کم۔
748,توہہِ کنۍ ہیکہِ توہہِ اتھ زِیاد خشِش گژھِتھ؟
749,توہہ چھِ یِہ صبحہ اکھ اکھ بوڈ مزاحیہ منز ۔
750,مے چھ تقریبا تمام قونوُن قبول کرنہ یِنہ یِوان۔
751,تِہ چِھ یہِ فیصلہ کرنہ یِوان زِ کٔنۍ کٔنۍ کٔنۍ کٔنۍ کٔنۍ کٔنۍ ۔
752,سندِس کور مے حصِل زِ سٹور اوس ونہِ گرم۔
753,سُہ اوس اکھ نامزد جج۔
754,س زیوٗن گیم صرف کینٹنگ تہ گویل ستۍ۔
755,سُہ چُھ مُہلِس وقتس پیٹھ کام کران ییلہ مے رپژ گژھان۔
756,تہہ ہیکہِ حالتچ تہہِ تہہِ تِہ انداز کرِتھ ۔
757,شہرس پننہ عومی نقل و حمل بہتر بناونک ضرورت چھ۔
758,یہِ تقریب چُھ پٔتمہِ ہفتہ منعقد کرنہ یوان۔
759,ہم چھ کم از کم ٹیکس ادا کران۔
760,لابی منز چھٗ تہہِ ہندِس دورچ انتظار ۔
761,مے چھ پننہ خاندان ہندِ ثروتک اکھ ژورٹ حصل کرنہ آمژ۔
762,س س ژھرِتھ، ذہین تہ زند رہیی۔
763,سُہ گٔیہِ زمستان ہندِ مرنہ منز ۔
764,تمہِ سنزِ ملہِ چھُ اکھ استاد ۔
765,اداکار کٔر پننہ ظہر صرف سٹیجس پیٹھ۔
766,یہِ چھُ قصبس منز اکھ طویل سفر۔
767,تمہِ سنزِ ماجہ چھُ تٔمِس خطر ٹروسو خطر گژھان۔
768,سمرے ہندِ پوشر ہنزِ شِش کرنہ خطر واشِرمنس سوزنہ یِنہِ ۔
769,یہ چھنہ دور۔ تہہ ہیکو اتھ پیٹھ گژھتھ۔
770,یہِ چاق چھِ اِیوٗرِ ہندِس ہُندِس رُکُن ۔
771,سائیکلس منز چلاونہ چھنہ چھنہ چلاونہ یوان ۔
772,شعری کور پننہ شاعری منز سپرنگ ہُند جوُنیٖد حصِل حصِل۔
773,علی کٔر ایشاہس ستۍ خاندر۔
774,س چُھ پننہ شناختک ثبوت دِنہ یِوان۔
775,زنانہ سہِ گژھنہ ستہِ گژھان۔
776,س چھے أمۍ ستۍ ٹریک کران۔
777,یہِ گژھنہ برونہہ ہمیشہ کمرچ درجہ حرارت چیک کرِو۔
778,تہہ چھنہ مے ٹاسٹ صحیح پٹھۍ پٹھۍ پٹھۍ پٹھۍ پٹھۍ پٹھۍ پٹھۍ پٹھۍ پٹھۍ پٹھۍ پٹھۍ پٹھۍ
779,سُہ چُھ اکھ شہزادتی ریاستس ستۍ رُبطہ یوان۔
780,آبدنہ ہنز چمچ اوس لکٹہ ۔
781,مے کٔر تمہِ پننہ کاروبارس منز مدد۔
782,یہِ جیز كینہہ حالاتس منز ہیکہِ ہیکہِ یِتھ جیز كرنہ یِم مٗمکِن ۔
783,مے چھِ ملین ڈالر حصل۔
784,سُہ چھ پننہِ ملازمینَن کم ادا کران۔
785,اتھ بم چھ انسانیتس خطر اکھ سنگین خطر۔
786,درمیان تنازعہ حل کرنہ خطر چھ بہتر۔
787,مے چھ سمندری جانورن ہندس لہر پسند ۔
788,پولیسن کور مشکوٗر سندِس گھرس پیٹھ چُھ اکھ چُھ۔
789,ہواس منز چھ 70 % کھتہ زیاد نائٹروجن شمل۔
790,سولفیر ستۍ سوتھ چھِ موڑن دور کران۔
791,توہہ کس طورس پیٹھ آو اتھ تصادفس متعلق زانہہ؟
792,تٔمۍ سندِ ذٔریعہ چھِ اکھ ستہِ حالتس منز۔
793,تمہِ سنز نوو کم چھُ پرنسہِ ستہِ برابر۔
794,اندھ منز کور تٔمۍ یہ خیال ز تٔمۍ کور اکھ گژھان۔
795,سوفی چھ ٹکٹن منز فراہم کرنہ یوان تہ ستۍ چھ یہ جمع کرنہ یوان۔
796,تٔمۍ کور زِ تِم چھِ تٔمۍ پیٹھ پیٹھ پیٹھ پیٹھ پیٹھ پیٹھ پیٹھ پیٹھ پیٹھ پیٹھ پیٹھ پیٹھ پیٹھ پیٹھ پیٹھ پیٹھ پیٹھ پیٹھ پیٹھ پیٹھ پیٹھ پیٹھ پی
797,تمہِ کور تہوارِ ہندِ خرس تام پننہِ دخل۔
798,سُہ چھ پننہِ پونسہ ستہِ واریاہ نزدیک۔
799,شہر چھ مغربی بناونک آغاز گژھان۔
800,س اوس طویل سفرہ پتہ ولۍ۔
801,سُہ چھُ غلط فصلہ کرنُک اِراد آسان ۔
802,س س أکس وائپر ستۍ دھوکہ دِنہ آمُت۔
803,استادن کور طالب علمن ہند گروپ۔
804,مے چھنہ کنہ کنہ کنہ یوان ییلہ مے کم کران چھ۔
805,س چُھ لوڈ کرنہ آمتہِ آٹینسِل لٹان ۔
806,تمہِ کور ساروے کھتہ زیاد زیاد زیاد کپڑا۔
807,جزییی مشق ہیکہ تُہند جسم تہ ذہنس تنشبری ہند آزاد کٔرتھ۔
808,یہِ کھتہ کٔرِو!
809,س چھ دفترچ انتظام ستۍ نافذ کرنہ یوان۔
810,س گیوو اکھ خوبصورت نمبر ۔
811,استادن کور یہ موضوع طالب علمن ہند وضاحت۔
812,مے ہیکہ کٔرِتھ یژھان۔
813,س گژھِ یس ؤرۍ پانژھ ۔
814,میکانک کور کارن ہند خراب اجزایہ ہند جایہ۔
815,مے کنہہ یِہ پٹھہِ پٹھہِ پٹھہِ پٹھہِ پٹھہِ پٹھہِ پٹھہِ پٹھہِ پٹھ
816,تم آیہ خری لمحہ منز مایوسی ہند نِش بچاونہ ۔
817,سُہ چُھ ذہنی طور چیلنج کرنہ آمُت۔
818,مچھلی ہند بچپن ہند حفاظت چھ واریاہ ضروری۔
819,سُہ چُھ قصبری ہُند مشہوٗر وینٹرن۔
820,تم چھ زمینس پیٹھ اکھ موسمچ سیٹلائٹ دخل کرنہ آمژ۔
821,طوفانن کٔر واریاہ خراب چیزن ہندِ پٹھ روزان ۔
822,س سہِ امہِ علاقس منز گڑن والین ہندِ اکھ گروپس منز شمل۔
823,تٔمۍ کور تٔمۍ تاجمال سنز تصویر ییلہ تٔمۍ اگرا گژھان۔
824,ٹھیک طریقہ چھ پننہ کام واریاہ صاف کران۔
825,ہمن کور کامیاب طور مسلہ حل۔
826,طالب علم سندِ کم چھِ مستقبلس منز اَکھ مقام حصل کرنہ خطر مشکل۔
827,بہ چھس تہہ پٹھۍ پٹھۍ سوچان ۔
828,یہِ آو واریاہ نظریو دِنہ دِنہ ۔
829,یہ چھ رہائش خطر اکھ اکھ اکھ اکھ اکھ جایہ۔
830,نہ تِہِ ہنزِ بییہِ گھرس منز دِنہ یِنہِ ۔
831,نہ تمہِ ہندِ وضاحت کرنہ نِش انکار ۔
832,بیڈ چھ اکھ واریاہ کُل کُل قبضہ کران۔
833,استادن ہنز پٹھۍ چِھ اکھ سنز تصور ہنز طاقت بہتر بناون۔
834,گڈس پیٹھ چھ اکھ گڈ گژھان۔
835,بہ چھس پننہِ نٔبین ہندِس دور کران۔
836,ریتش چھ پریتی ہس خطر نفرت ستۍ پٹھۍ۔
837,صداقت چھ بہترین پالیسی۔
838,سرحدی تنازعہ ستۍ کٔر ز قومن درمیان جنگ شروع۔
839,بہ چُھس اکھ پیشہ ورانہ سکول۔
840,رام چھ ہمیشہ راتس دوران ڈرائیونگ نش بچنچ کوشش کران۔
841,ہم چھ اتھ جایہ نیران ۔
842,مے کٔر اپ سٹیئر ونڈو کھولنہ ۔
843,سُہ چُھ اَکھ مُلکنہِ منز ۔
844,کیا تہہ ہیکہ مے ستۍ آو؟
845,تمو کور سٹور پیٹھہ بہترین سبزیٖن ہندس پٹھ بتھ ۔
846,ییلہِ تہہِ یِہ یِہ یِہ یِہ یِہ یِہ یِہ یِہ یِہ یِہ یِہ یِہ یِہ یِہ یِہ یِہ یِہ یِ
847,س س ٹیبلس پیٹھ چائے کیٹل روو۔
848,ہم ہیکہ راتس پیٹھ جایہ سجاوٹ کرِتھ ۔
849,سُہ چُھ اکھ نائٹل شخص۔
850,ییلہِ توہہ یہِ کٔرِو، بہ چھِس یہِ وچھان۔
851,لانگ فلوُک زامُت چُھ ونۍ اکھ ہندِس مقام ۔
852,واریاہ سیسی رہنما چھ ذتی نفعہ باپت عام تشدد پسند کران۔
853,بہ چھس یژھان ز تہہ اکھ ایسیس لکھ کرن۔
854,اکھ اکھ اکھ اکھ کینٹین ۔
855,مے نچوِس چُھ گامس منز اکھ مزارع ۔
856,غیر ملکی آوارس پیٹھ آو عام ستہِ اِنكار۔
857,سُہ بنیو اکھ وائرولین انفیکشن ہُند ضُرِف۔
858,یہ کینہِ کارہ چھے؟
859,زمینہ ہندِ عمارت چُھ چینی مُلککہِ اکہِ خاص علاقس منز اکھ خاص قسم بناونہ۔
860,گڈن کور پننہِ ستہِ گڈنہ ستہِ گژھان۔
861,بہ کٔرِو تہہِ خطر بولان۔
862,ہم چھ نہ نوو برانڈ لانچ کرنہ خطر كفی طور تیار۔
863,کامس منز چھ خاص تربیت ہند ضرورت۔
864,مے چھنہ اتھ وقتس منز پننہِ یہِ کپڑا خطر اجازت دِتھ۔
865,مے چھ پننہِ بٔڑِس بہنہِ مطبق پٹھۍ پٹھۍ پٹھۍ پٹھۍ پٹھۍ پٹھۍ پٹھۍ پٹھۍ پٹھۍ پٹھۍ پ
866,ہارڈ کارک چُھ کامیابی ہُند وجوُد ۔
867,س گٔیہ جنگس منز طے شہرس منز دن ریتہ ۔
868,ابِد چھُ پارلیمانُک رُکُن ۔
869,بربر سندِس ناو کور پنن چیکہ نیرنہ ۔
870,فوجین کور خیال ز مزید حرکت ہیکہ خطرناک ستھ۔
871,وقفہ پتہ کٔرِو ہم دوبار سختی ستۍ کم شروع۔
872,جج اوس نہ مکمل طور ثبوتہ ستۍ قبل کرنہ آمت۔
873,پولیسن کور ماب کنٹرول کرنس مشکل ۔
874,مے چھ کافی پسند ۔
875,تہہ ہیکہ مے معذرت کرن۔
876,ٹینرن کور پننہ دوہری توانییییات دوبار كرِتھ تیزی سان اکھ تیزی سان كرِتھ ۔
877,مے دِیوُت صرف تٔمِس اکھ پیغام ۔
878,یہ چھ مے تہہ اکھ مشہوٗر فنکار پیش کرنہ خطر واریاہ خوشی دِوان۔
879,سُہ کٔر تصادفَس منز اکھ لگ کھوُن۔
880,سُہ گٔیہ اکھ اکھ پُش ستۍ نیبر۔
881,مے کٔر زائرنہ کرنہ آمژ پروفیسر کِس طورس منز شہ ریتس منز روزان۔
882,خوفزد شُر بچہ گژھنہ ۔
883,ونہِ چھِ آسہِ نارنجی رنگچ۔
884,س چُھ نہ پننہِ مداخلتہ ہیکو زیاد پٹھۍ پٹھۍ پٹھۍ پٹھۍ پٹھۍ پٹھۍ پٹھۍ پٹھۍ پٹھۍ پٹھۍ پ
885,تم چھِ سری پارٹی خطر دعوت دِنہ یوان ۔
886,یہِ چھُ کھیلہ ستہِ سیکھنُک مقصد ۔
887,ییلہ سُہ ہندوستانَس منز آو، سُہ چھُ مَنز دور کران۔
888,سُہ چُھ اکھ اکھ اکھ اکھ کاروبار۔
889,جورن کور ثبوتن ہند بحث تہ اتھ پیٹھ پننہ فیصلہ۔
890,تِم چھِ مے چیکہِ شِکِی ییلہِ تِم مینۍ بِل واپس یِوان چھِ ۔
891,سُہ چُھ عدالتس منز مُتعلق گواہ دِوان۔
892,ییتہ پتہ انڈورس تام وچھِتھ چھِ واضح ز دہ لگوان۔
893,تٔمۍ کور پننِس دویمِس کوششس پیٹھ ویزا۔
894,ونہِ چھِ ہم تمام قسمن ہنز صنعتی مصنوعاتچ برآمد کران۔
895,س چُھ عظیم کردارچ اکھ زنان۔
896,تٔمۍ کٔر ژلڈنِس بیمس پٹھۍ بتھ ۔
897,س چھے پننہِ پلو کرنہ خطر وقت لگان۔
898,امہ متعلق چھ اکھ عظیم چیز یہ زِ ہم ویڈیو کانفرنسن پیٹھ اکھ اکھ کم کران۔
899,ییمۍ تہہ یہ کتاب دِیوُت چھِو، چھِ ونہِ ۔
900,تمو کور اَتھہِ اَتھہِ اَتھہِ اَتھہِ اَتھہِ اَتھہِ اَتھہِ اَتھہِ ۔
901,گائےس منز چھ بیمار اکھ اڈیر۔
902,تھرپنیشن چھ اکھ عظیم معیار۔
903,پننہِ ناوس اکھ ٹاسہ ستہِ دِژوِو۔
904,سُہ چھ مے اکثر پننہ تراژدی یاد کران۔
905,چھِ پھولن ہند اکھ شاندار رنگ ۔
906,تم چھ اکھ واریاہ رقم ادا کران۔
907,سُہ چھ پننہِ وعدہ ستہِ ختم کرنُک منصوبہ بناوان۔
908,صرف خاندرنہ آمتۍ جوڑن چھِ یِتھہِ اجازت دِوان۔
909,ہم اوس سورجس منز بیٹھہ تہ اوس دویمہ ۔
910,ہم ڈاکٹرو چھُ زانان زِ بیکٹیریسیڈل چھنہ لکُن واریسیڈل۔
911,مے چھ سبز سبزی کھتہ پسند ۔
912,شکار سندِ مقصد اوس اکھ گژھان۔
913,بہ چھس تہہِ مے وضاحت کرنہ خطر دعا کران۔
914,بہ چھس نہ زِیاد زِیاد زِیاد زِیاد زِیاد زِیاد زِیاد زِیاد زِیاد زِی
915,یِم سفر کرن والین منز چھِ کینہہ یِوان ۔
916,س دِیوُت مے زیاد وائلٹ ہُند اکھ لکٹ ۔
917,تہہ ہیکو نہ تہہ باقی ستۍ الگ کرِتھ ۔
918,تٔمۍ کور زمستانہ خطر اکھ اچھی بجلی ہایٹر۔
919,تہہِ چھُ پننہِ جیچٹہ ستہِ دوبار چیک کرُن ۔
920,ییلہ مے آو، کنٹرو آو بند کرنہ۔
921,مے چھس پیٹھ گژھنہ خش، امہ علاو یہِ چھِ نیبرے روٗد گژھان۔
922,مُتثر اوس ستہِ ستہِ ستہِ ستہِ ستہِ ستہِ ستہِ ستہِ ستہِ ستہِ ستہِ س
923,یہِ تجویز چُھ تصدیق خطر ماننہ یِوان۔
924,ڈاکٹرن کور پننہ احساسن ہندس نش نش نش نش بچن۔
925,پنن ناو پٹھۍ لیٹرن منز لکھو۔
926,أمہِ سنز بیمارچ علامت چھِ تپہ تہ مستحکم ڈایس ہاس۔
927,سُہ چھُ ہمیشہ سٹیج پروگرامن منز اکھ اہم کردار ادا کران۔
928,تمہِ دشونی پیٹھ تہِ الگ گژھنہ ۔
929,کم کرنہ کن لکن گھنٹہ چھ مے ہندس وزنس منز آسان ۔
930,سُہ چُھ واریاہ مشہوٗر اداکار۔
931,سُہ چُھ اکھ تھروِتھ لُکھ ۔
932,سُہ کور پننہِ شُرِس پیٹھ اکھ تھپ محسوس۔
933,مے کٔر پننہ دوستس امتحانس منز تمہِ سندس کامیابیہ خطر تبریک۔
934,جنگس منز گر واریاہ فوج۔
935,پرتھ دہ پٹھۍ پٹھۍ پٹھۍ پٹھۍ پٹھۍ پٹھۍ پٹھۍ پٹھۍ پٹھۍ پٹھۍ پٹھۍ پٹھۍ پٹھۍ پٹھۍ
936,نہ کانہہ ہیکہ پننہ دوستی ہنز ضروٗرت کرِتھ ۔
937,اکسیجنڈ خون چھِ پلمونری ہارٹیری ہِندِ ستہِ دلس منز لگان۔
938,کیا تہہ چھُ زانہ زِ اکھ کمپیوٹر کس طریقس پیٹھ کم کرنہ یِوان؟
939,پریتی چھ اکہ ریتہ تام چھِ رپہ پٹھ ۔
940,تٔمۍ دِیوُت تٔمۍ بدبختی ہند بچاونہ خطر اکھ کام۔
941,سُہ چُھ اتھ ادارچ ڈائریکٹر۔
942,پرتھ سہِ بلیزس منز ولۍ۔
943,تمہِ سنز ناکام گژھنہ ستہِ غم ۔
944,کیا تہہ پننہِ گواہ ہند انتظار کران چھِ؟
945,یہِ اوس زِیاد یا پتہ گژھنہ خطر ضروُرت۔
946,س چھے توانییی ستۍ پٹھۍ پٹھۍ۔
947,سُہ اوس اکھ کرِکٹ چیمپئن ۔
948,تٔمۍ کٔر اتھ کارس منز رٹان۔
949,کتابن ہند درجہ بندی چُھ ونہِ کرنہ یوان ۔
950,تٔمۍ کٔر لکٹہ لڑکر شیر دنہ خطر دھول۔
951,ماجہن کور پننہِ بتھہ پتہ وٹہِ ۔
952,سُہ چُھ کہِ ادبک پروفیسر ۔
953,ہم چھ نہ زانہ زِ آبچ مقدار چھِ ییلہِ ولِس تام ملِس ۔
954,س اوس پریتھ کپڑا لگان ۔
955,پانژھہ کم عمرچ شُرِ چھِ عام طور بس تہ ٹرینَن پیٹھ آزاد سفر کران۔
956,مے اوس پننہِ صبحچ خطر بٹیرس ستۍ روٗد ۔
957,یتھ منز فراہم کرنہ آمتہِ کھتہ چھِ باقے قریبی دکانن کھتہ بہتر۔
958,تمو کور اتھ مسلہ حل کرنہ خطر اکھ مجموعی نقطہ نظر ۔
959,اتھ پونڈس منز چھ ریپٹل ۔
960,سُہ چھٗ واریاہ جذبتی شخص ۔
961,کھینچ حصل کرنہ خطر اوس مشکل۔
962,شُرِس منز چھِ رٹہِ پیٹھ زخم۔
963,جری ہنز تکنیک چھ پٹھۍ ٹھوس گژھان۔
964,یہِ تمام طریقہ چِھ درستگی ہندِ لحاظہ تصدیق کرنہ یِنہ یِوان۔
965,ہم ہیکہ بیسٹرو سندس برونہہہ مٗقابلہ کرِتھ ۔
966,تمہِ سنزِ ملِو کور تٔمِس اتھ کرنہ خطر حُکومت۔
967,تمہِ سندِ ہدایت ستۍ، مے چھِ 10 بٹل شیر آرڈر کرنہ آمژ۔
968,مے چھ باغیات واریاہ تھراپیٹک پٹھۍ یوان ۔
969,سُہ چُھ پننہ بولن ہُند طاقت کٔرِتھ ۔
970,ہم صرف ییلہ سڑکن صاف گژھان۔
971,مے چھ پنن وعدہ واریاہ کمزور ۔
972,مے کلاسس منز چھ سٹہ تٔمۍ ۔
973,سُہ چھُ تفریح خطر شکار کران۔
974,مُختِلِفین خطر چھِ مُحکم حالات بہتر بناونُک ضرورت۔
975,سُہ چھ پننہِ تمام دستاویزات فائلنگ کابینہس منز ذخیر کرنہ آمُت۔
976,یہِ ہیکہِ اکھ شُرِ تہِ ہیکہِ یہِ سمجھِتھ۔
977,مے کٔر حالے اکھ نوو گھڑی ۔
978,مے کور پننہِ ملہِ سندِس طرفہ ستہِ ستہِ ستہِ ستہِ ستہِ ستہِ ستہِ ست
979,مے چھ شک ز سُہ چُھ پارٹی منز آو۔
980,کھتہ چِھ پروٹینس منز غر ۔
981,تمہِ سنزِ گاڑِ ہُند اکھ نوِ انجنُک ضرورت۔
982,سُہ چھ مے بے غر ولۍ لٹان ۔
983,گژھنہ نہ گژھنہ كھٹہ كھٹہ كھٹہ كھٹہ كھٹہ كھٹہ كھٹہ كھٹہ كھٹہ كھٹہ ك
984,سُہ چُھ اکھ کلاس شاعری۔
985,کارہِ ہُند پٹرول کھتہ چھُ بلاک کرنہ آمُت۔
986,تمہِ ہندِ پوشر اوس نہ سخت موسمس خلاف ثبوت۔
987,ہم اوس ساحلس منز سوار ۔
988,یِم وٹامن پائلز چھِ زیاد حیات حصلہ واپس یِوان۔
989,س چھ مختلف ذٔریعہ پیٹھہ معلومات ہند دٔریاو کران۔
990,سنیفیلن کٔر سڑکہ بناونس منز رکاوٹہ۔
991,یہِ چُھ نہ قصہ منز سچچ اکھ رٹہ۔
992,سُہ چُھ ریل وے پلیٹ فارمَس پیٹھ تُہِ ہُند انتظار کرُن۔
993,یہِ پیکیج چُھ 24 نومبر دہ دہ دہ۔
994,مے چھٗ گڈنِکِس کھتہ زیاد تٔمہِ سنزِ دویمہِ رومانوی لچھنہ یوان ۔
995,ٹایرس چھ مستحکم استعمال کِنہ ستۍ پوشم کرنہ یوان۔
996,یہ معاملہ آو سپریم کورٹس منتقل کرنہ ۔
997,تہہِ ہیکو غر غر كِنہِ عملن منز شمل کرنہ نِش بچنہ ۔
998,یہ چھ اکھ چیز یسہ دردناک وزیشن ہند سبب بنان چھ۔
999,گھرس نیبرہ اوس اکھ بوڑ بُرِتھ ۔
1000,زنانن ہنز پٹھۍ چھے ڈیزائن کرنہ پتہ احتیاط کرنہ یِنہِ ۔
1001,تمہِ سنزِ کِس لفظس منز چھِ ڈبل معیار۔
1002,مے چھ پننس گھرس منز بے بے تعداد پینس۔
1003,سُہ چُھ واریاہ ملِس گژھان ۔
1004,اکھ عمارتنی منصوبہ آو اقتدار طرفہ تصدیق کرنہ۔
1005,مین ولس چھِ دہ دہ بدتر گژھان۔
1006,سُہ اوس پننہِ اچھی نِش باوجود غلط فہمی کرنہ آمُت۔
1007,اتھ نقطہس پیٹھ چھ سنگین غورچ ضرورت۔
1008,کھیل کِس میدانس منز سہِ واریاہ مڈ ۔
1009,خطر نِیٹلی کرنہ خطر اتھہ ضروری اقدامات کرنہ آمتہِ ۔
1010,مے چھ فرانسیسی کھینچ پسند ۔
1011,یہِ کٔرِ پل بناونہ خطر واریاہ وقت لگنہ یوان۔
1012,مے کٔر پننہِ خطر اکھ نوِ سائیکل ۔
1013,کیا تہہِ اکھ سائیکل مکمل کرنہ آمت۔
1014,کیا یہ چھٗ أمہِ سندِ میز؟
1015,اگر توہہ ہیکہ صرف کاروبارن ہند mobilis کٔرتھ آسنۍ کم کرنہ یِتھ ۔
1016,تٔمۍ دِیوُت تٔمِس پارٹی منز شرکت کرنہ خطر نوٹ ۔
1017,علم چھ ہمیشہ سچچ پینپوٹ کرنچ کوٗشِش کران۔
1018,سڑکہِ پیٹھ چھِ ہاؤس تمام وقتہ كھتھ ۔
1019,سُہ چھُ سنگین جُرمہ ستۍ الزام دِنہ آمُت۔
1020,مے مے دوستہ پٹھۍ علاج۔
1021,بصری تصویر سۍ حقیقی ۔
1022,یِم لڑکَو چھِ واریاہ اکھ اکھ کھلڑِ ۔
1023,سُہ چُھ وایٹر کم کران۔
1024,یہِ زمینہچ سارِوے کھتہ زیاد خریدار چھِ کارٹ تہ پِس۔
1025,تمہِ سنزِ ویسکر سہِ طویل ۔
1026,س دِیوُت پننہِ خاندار سندِس بہن ہندِس خاندارس اکھ ستہِ زنجیر ۔
1027,سائنٹسٹن ہند اکھ پیک آو کینہہ تحقیق خطر امریکہس منز شمل کرنہ۔
1028,ہم اوس اکہِ ونہِ تام گٔیہِ ۔
1029,کشتیہ کٔر ستہِ ولۍ تہ کٔرِو دٔریاو شروع۔
1030,یہ معاہدہ آو وکیلن احتیاط سان غور کرنہ۔
1031,تٔمۍ کور پٔتمہِ راتہ پیٹھہ غصہ ہند اکھ رسٹگیل فلککر محسوس۔
1032,تم چھ پنن چیک رنگ کرنہ خطر ورمیلیون استعمال کران۔
1033,کیا تہہ کنہہ مدد ہند ضرورت چھ؟
1034,حکومت آو اِجلِیاتس منز بناونہ ۔
1035,یہِ طوفان گوو صلحتی احتجاج پٹھ شروٗع۔
1036,یہِ سُہ سُہ سُہ چُھ گڈنہِ منز دریاوَس منز گژھان۔
1037,ٹرین گوو ٹریکہ پیٹھہ دہہ۔
1038,شکست کہ وجہ ستۍ ہندس حوصلہ ستۍ اوس ٹیمس منز اِدمی تہِ زیاد۔
1039,کمرچ کونس منز اوس اکھ ٹیبل ۔
1040,ہم ہیکہ بہتر استراتجی تیار کٔرتھ۔
1041,یہ شہر چھ گڈنہ ولۍ وقتن ہند اکھ الگ مز۔
1042,یہ کھیل اوس اکھ شاندار۔
1043,تِہ اوس اکھ مختصر چیٹہ تہ پتہ س گژھ ۔
1044,سُہ آو مجرمس مدد کرنہ خطر الزام۔
1045,جان کور پننہِ دوستس ستہِ موازنہ کرنچ کوٗشِش۔
1046,س چھ پٹیولوجیا پننہِ اہم موضوع پٹھۍ پٹھۍ لگان ۔
1047,بہ چھس سکول بینڈس منز ٹرپٹ گِندان۔
1048,تہہ کس پھلس پیٹھ چھ پسند کران؟
1049,ہم کٔر کوچ ستۍ ساحلس منز سفر۔
1050,یہ صوُرت آو کمرک کینہہ ریتھ پیٹھہ۔
1051,جدید دنیاہس منز چھ روحنی تراونچ امکان۔
1052,یہ اوس فوج خطر اکھ فتح۔
1053,تِم چھُ اکھ نوو نظام متعارف کرنہ آمُت ییمہِ ستۍ تمام ملازمینن ہندس پٹھ سیٹھاہ تربیت گژھان۔
1054,سُہ چھ واریاہ ؤرین تام پننہِ سامانچ اکھ کلائنٹ۔
1055,مجموعی طور، یہ اوس اکھ مایوس کن کارکردگی۔
1056,"سُہ چھُ جھوٹ بولنُک ""عادت"" منز گژھان ۔"
1057,وزیر اعظم کور پنن کابینہن ہندِس بحث خطر ملاقات۔
1058,ماوس اوس زمینس پیٹھ۔
1059,تمہِ سندِ خاندار چھُ تمہِ پیٹھ غلبہ ۔
1060,یہِ واقعہ کُنہِ گژھہ؟
1061,پیاز چھ پھولہ ستہِ بناونہ آمتہِ ۔
1062,اگرچہ ہمن دِیوُت تِہ پونسہ، تٔمۍ اوس نہ کتاب خری کران۔
1063,ستہِ چھِ ژھوِوِو پٹھہِ ستہِ ستہِ ستہِ ستہِ ستہِ ستہِ ستہِ ستہِ س
1064,تمہِ سندِس کانہ پیٹھہ سہِ آبدی ہُند اکھ ہُند اِستعمال۔
1065,جریٖن ہند اکھ گروپ س عدالتس منز منتقل گژھان۔
1066,تٔمۍ کور پننہ غلطی تسلیم۔
1067,تٔمۍ کٔر تِہِ ہِندِ ہُند تلاش کران ۔
1068,تمہِ چھِ بے كھہِ سوچنہ آمت ۔
1069,کیا تہہ صبحس منز بیدار گژھان؟
1070,کیا تہہ ہیکہ چارجرس منز پٹھۍ پٹھۍ پٹھۍ پٹھۍ پٹھۍ پٹھۍ پٹھۍ پٹھۍ پٹھۍ پٹھۍ پٹھۍ پٹھۍ پ
1071,سُہ چُھ ریتہ منز تھول شِرٹ پوٗر کرنہ یِوان۔
1072,نوو ملازم چھُ منصوبہ پیچید کران۔
1073,تمہِ سنز ردعمل اوس اچھی سان متوازن۔
1074,ییمہ سُہ وون اوس صرف پننہِ سفید کرنہ۔
1075,فیلڈ چھ سفید کلور ستۍ پٹھۍ۔
1076,مے چھ امہ مسلسلس پیٹھ واضح بیان۔
1077,یہ لکٹہِ لکُٹہِ چُھ ہمیشہ زیاد تہ رنگین ہُند پوشِشِش پوشِشِش کران۔
1078,تمہِ سنز شوکہ ستہِ کٔر تنش کم کرنس منز مدد۔
1079,س چُھ ٹرمینل بیمار ستہِ رتہ رتہ یوان ۔
1080,بادشاہ ویکٹوریاہن کٔر 1837 پیٹھ 1901 تام برطانیہس پیٹھ حکومت۔
1081,س چھے اکھ خوبصورت شکل۔
1082,مختلف تنظیمن ہندو نِفدِ آو۔
1083,سُہ چُھ سیسی پارٹی ہند اہم شخصیتن ہندِ طرفہ حمایت کرنہ یوان۔
1084,مے چھ واریاہ اچھی بصری یاد۔
1085,سوٗلہ چُھ پکانس خطر استعمال کرنہ یوان ۔
1086,زلیی ہندس طوفانس منز کٔر عمارتہ ۔
1087,تٔمۍ کٔر پننہِ مُقابلہ باکسنگس منز دِژ۔
1088,س چھے بیمار سندِس لکھ ۔
1089,زراعت اوس واریڈیسینٹ ۔
1090,تٔمۍ سندس عملس ستۍ چھ ٹریبون واریاہ قبل۔
1091,امہ متعلق چھ اکھ عظیم چیز یہ زِ ہم ویڈیو کانفرنسن پیٹھ اکھ اکھ کم کران۔
1092,ییمۍ گژھہ چھِ گژھہ یِہ چھِ معاف کرنہ یِنہ یِوان ۔
1093,سُہ چھ پننہِ مستقبلس متعلق پریشان۔
1094,سُہ چُھ اکھ خریدار ۔
1095,ہم چھ پننہِ رہنما سندِ یہِ عمل ستہِ سزا دِوان ۔
1096,تِم سہِ مہارت، مگر انضباطس منز ژژھان۔
1097,سُہ چُھ اکھ بد انسان ۔
1098,تٔمۍ کٔر پنن پینس کٔر۔
1099,مے چھ یہ ویڈیو پسند ۔
1100,تم چھِ پٹروٹ پٹھۍ پٹھۍ پٹھۍ پٹھۍ پٹھۍ پٹھۍ پٹھۍ پٹھۍ پٹھۍ پٹھۍ پٹھۍ پٹھۍ پٹھۍ پٹھۍ
1101,س چھِ پرواز کرنس نفرت کران۔
1102,تٔمۍ چھ اکھ خوشگوار بون ہند لاگو کران۔
1103,سُہ چُھ فیور ستہِ جلان ۔
1104,ہوٹل چھُ اِلٹرا موڈرن مِفائلشنن ستۍ سجاونہ آمُت۔
1105,یہ چھ یقینی طور پننہ کمہِ منز سارِوے مشہوٗر ۔
1106,کیا یہ چھنہ اکھ خوشگوار صبح؟
1107,س چھے پریشان گژھان ییلہ کنہہہ سنز تنقید کران چھ۔
1108,تمہِ سُند آواز اوس جذبیاتن ستہِ پرتھ۔
1109,تِہِنز کارس چھنہ ٹرک لٹہِ كفی طاقت۔
1110,نتیجہ چھ ٹیبلر فارمس منز پیش کرنہ یوان ۔
1111,سُہ اوس ٹورنامنٹَس منز ساروے کھلڑۍ کھلڑۍ ۔
1112,باکسن ہنز بناونہ یِنہِ ٹیمبر پٹھ۔
1113,مریض چھ ونہِ نِشِش کران ۔
1114,تٔمۍ کٔر کینہہ کتابہ لکھ ۔
1115,مے چھنہ ریس کرنس پسند۔
1116,سندِس ستہِ کٔر پور قصہ ہنزِ پٹھۍ وضاحت۔
1117,تمہِ سنز آوازچ ضعیفیتن کٔر مے حیران۔
1118,تہند کشتی چھِ وَرِفَس تام۔
1119,تمہِ سنزِ دہہ گرو ییلہ تمہِ سندِ ژرِو۔
1120,س چُھ اکھ ہسپتالس منز۔
1121,امہِ سنز اثاثہ آو ایجنسیچ تحقیق کرنہ ستۍ حصل کرنہ۔
1122,مہمانن ہندس علاو دویمہ خطر چھٗ تریے مے۔
1123,بہ ہیکہ نہ تہہِ پٹھہ زیاد وابستہ یِتھ ۔
1124,سُہ چھ بیمارن ہند وجہ ستۍ کمزور۔
1125,سُہ کٔر مے بیٹھہ بیٹھہ حوصلہ۔
1126,براہ مہربانی ہیکو فوری طور پیکل کرِتھ۔
1127,ہم چھِ دویمہِ دہہ عروٗفہ منز شرکت کرنہ یوان ۔
1128,سُہ اوس پننہِ ہندِس منز اکھ زبان۔
1129,بہ ہیکِو تہہِ گاڑِ شِش کرنس منز مدد۔
1130,فوجس آو برونہہ ہُند حکم دِنہ ۔
1131,ہوییی پورٹرس منز چھ واریاہ بندرگاہ لبنہ یوان۔
1132,مین فونس چھے وِزِتھ ۔
1133,پُلیٖس چھُ أمہِ پتہ بد۔
1134,ز واقعاتن ہوتہِ اتھہِ اتھہِ تہِ اتھہِ تہِ اوس تِہ اکھ مٗفت گژھان ۔
1135,دروازہ ستہِ سندِس چہرس منز اکھ ولِس ستہِ دِتھ ۔
1136,یہ پروگرام چھ پریتھ ہفتہ ملین وچھین ہند جذب کران۔
1137,مے وچھ تمہِ سندِس کمرس منز اکھ ڈرما۔
1138,یہِ کورِہ وون زِ س سہِ وچھِووِ ۔
1139,تٔمۍ کور سمندر کیپٹن پٹھ پننہِ زندگی ہند جنگچ قصہ بولنُک پسند۔
1140,براہ مہربانی اکھ گڈنِہ سانچ لٹان۔
1141,کینہہ کیمیکل چِھ آسنی سان خونس منز جذب کرنہ یوان۔
1142,یہِ چھُ، تِم چھُ یِہِ ستہِ ہُندِس ستہِ وِزِ ۔
1143,مقبوُلِ ہُند اہم چُھ رُکُن منز واریاہ مقبول۔
1144,بیمار تہ زخمی گژھنہ آمژ آو جنگنی زونہ پیٹھ بچاونہ ۔
1145,زِیاد نبِی چھِ زِیاد کمزور۔
1146,مے کٔر دیوارس ستۍ کتھ تہ مینۍ سر زخمی۔
1147,علاقس منز چھ کمیونل ٹینس پٹھۍ پھیلاونہ آمژ۔
1148,سٹریک چھٗ پننہِ معاشرس منز روزانہ اکھ واقعہ ۔
1149,ہوییی سطح چِھ پینٹینس ستۍ پوٗر۔
1150,تمہِ نوو گھر چھ واریاہ سوش ۔
1151,تٔمۍ کور اراد تہ پریتھ چیز سہِ مطبق گژھان۔
1152,یہ معاملہ چُھ تحقیق کرنہ یِوان۔
1153,بجلی وائر چھِ بلب لگاونہ خطر کٔرِتھ کٔرِتھ کٔرِتھ کٔرِتھ ۔
1154,ٹایڈ چھ بڑان ییتہ یہ کمزور چھ۔
1155,ہند لب ہیکہ اکھ چہرہ زند کران۔
1156,پننس کولونیاہس منز چھ اکھ بوڑ پارکہ ۔
1157,یہ کام ہیکہ ملی حالاتن منز مکمل کرنہ یوان۔
1158,یہِ چھِ جونس منز پھولان ۔
1159,س چُھ پننہِ سطحس پیٹھ روزان ۔
1160,بس منز فورورڈ سیٹ چھ زنانن خطر مقرر کرنہ یوان۔
1161,س چُھ شلوٗر ہُند پوشان ۔
1162,یہِ بچہ اوس نگہ ۔
1163,یہ چھ اکھ لکٹ تھوٹ تھوٹ۔
1164,ستہِ چھِ ستہِ ستہِ ستہِ ستہِ ستہِ ستہِ ستہِ ستہِ ستہِ ستہِ ستہِ ۔
1165,ز ڈیٹیکوٹیوو تٔمۍ ستہِ پیٹھہ رلان ۔
1166,س سہِ تریٖمتہِ خوشی ہندِس ولِس ۔
1167,تمو کور موسیقی ستۍ ڈراما ختم۔
1168,سُہ چُھ اکھ مڈ کپ۔
1169,ٹریڈرز سۍ پننہِ پھول نمکہ ستہِ پھیلاوان۔
1170,اے پی۔ حکومت چھ تعلیمی مقصد خطر زیاد فنڈ آزاد کرنُک اِراد۔
1171,گڈن ہند ظہرگی ہندس حدس منز شدید طور محدود۔
1172,سُہ گارڈس منز آزاد انٹرایٹس خطر۔
1173,مے کور پننہ سارِ جواہِ خطر ۔
1174,نیوٹنس یس اپل گرنہ وچھان چھِ اکھ شاندار خیال۔
1175,استادن کور طالب علمن غلطی ہند دوبار كرِنہ خطر حصِل۔
1176,اکھ انجینئر ہیکہ یہ مسلہ حل کٔرتھ۔
1177,سُہ اوس زیاد مہارتدار شمشیرچ مُلک۔
1178,سُہ چُھ پننہ کام عومی طور کرُن یژھان۔
1179,سُہ چُھ کلاسیکی اداکارن منز کلب بناونہ آمُت۔
1180,مے چھ پننہ ساتھین ہند تمام ایڈریس۔
1181,تٔمۍ کور پننس خطر واریاہ نرم واڈنگ ستۍ اکھ نوو کیلٹ ۔
1182,ریت ختم گژھنہ برونہہ یہ کام مکمل کرنہ خطر چُھ ضروری۔
1183,مے کٔر دن دن دہن ورڈور منز واریاہ معلومات حصل۔
1184,تمہِ سنز مرن چھُ اکھ راز ۔
1185,تمہِ سنز اکاؤنٹ سہِ امپریل کِہ واقعاتن پیٹھ مبنی۔
1186,مٗتلِفِس مِلِس منز سہِ موٹرِ ہِندِس موٹرِ ہِندِس موٹرِ ہِندِس موٹرِ ہِندِس مو
1187,تٔمۍ کٔر آبچ پمپ کرنہ خطر اکھ موٹر استعمال۔
1188,تٔمۍ کور پلوہ ورہہ نیچ کٔرِتھ ۔
1189,س چھے واریاہ اچھی طرزہ ۔
1190,واریاہ پناہ گزین چھ پاسپورٹہ ورے سرحدس منز گژھان۔
1191,س اوس پننہ مصیبتس پیٹھ گژھان۔
1192,ییلہ غر غر غر پننہِ گھرس منز گژھان اوس س مدد خطر دِژ۔
1193,تمو کور جنگلس منز کٔرِو کٔرِو۔
1194,مے اوس زبانن ہندس ترقیس پیٹھ کم کران۔
1195,کاروبر کور فوری طور بِل تیار۔
1196,اسلام تہ بییہ ز مرد آیہ پٔتمہِ راتہ مے جایہ۔
1197,لوٗکھ چھِ پوٗر پوٗر پوٗر پوٗر پوٗر پوٗر پوٗر پوٗر پوٗر پوٗر پوٗر پوٗر پوٗر پوٗر پوٗ
1198,مریضس پیٹھ آو اکھ جراحت کرنہ۔
1199,ہسپتالس منز سہِ لوٗکھ ہند اکھ طویل فائل ۔
1200,متعلقہ لوٗکھ آیہِ ہسپتالس منز پننہ رشتہ دارن وٗچھان ۔
1201,یہِ ٹیبلَس منز چھِ پریتھ طرفہ اِجَن ہُند اشار دِوان۔
1202,ٹور ہیکہ آب تہ زمینس منز دشوے روزان۔
1203,نہ یِتھہِ سِندِ ۔
1204,آمدنی ٹیکس ایسیسر آو دفترس منز حیرت انگیز چیک خطر۔
1205,اَنز زراعت ہنز پیداوار اوس اَنزِ اَنزِ ولِس ولِس وجہ ستہِ اَنزِ ۔
1206,یہ چھ یِمَن دہن اکھ بوگ واجِہ ۔
1207,مجرمن ہند سزا تہ کورنہ آمتہِ ۔
1208,تِم لکٹین پوٹسَن منز چھِ پھول پھولان ۔
1209,سُہ چُھ ستہِ پٹھہِ ولِس منز اکھ نیہ ۔
1210,سُہ کٔر جلدے تمہِ ستہِ تھونچ شروٗع۔
1211,ماجہ چھ پننہِ نِش بچن بچاونہ ۔
1212,تحقیقس پیٹھ چھُ تمہِ سندِ دعوا كنہِ كنہِ كنہِ ۔
1213,سُہ کور پننہِ مُقابلہ سندِ طرفہ شدید تنقید۔
1214,اتھ مُلکَس منز چھِ لوٗکھ سیاستَس منز اَکھ فعال دلچسپی حصل کران۔
1215,"""یہ اوس اکھ بٔڑ بال"" امپیرن وون۔"
1216,یہِ ز قصہ چھِ تقریباً برابر۔
1217,تہہ چھٗنہ تہِ پننہِ کامیابی ہند عظیمیتس پیٹھ تعریف کران۔
1218,سُہ چُھ قصبری ہُند مشہوٗر وینٹرن۔
1219,تمہِ سندِ سفید چہرہ سہِ زیاد زیاد ۔
1220,یہِ نہ دوبار کٔرِو، تٔمۍ وون احتیاط سان۔
1221,لوٗکھ چھ ہفتہ کس ہفتس منز گژھان۔
1222,فلمہ شروع گژھنہ پتہ آو تھیٹرس منز لگہ ولۍ ۔
1223,بِل چھِ صبحس مندرَن منز گِنڈنہ یوان۔
1224,یہِ ستہِ اوس غیر قانونی طور ٹکٹ بینہِ ۔
1225,تمہِ سندِس تُلِس چھِ تمہِ ہُند تعلیم دِوان ۔
1226,یہ فلمہ کٔر مے حیرت ستۍ پوٗر۔
1227,سُہ اوس مرنہ ییلہ تمو واپس گژھنہ ۔
1228,ونڈوز شمل کرنہ ستۍ چھِ وِتھلیشن بہتر بناونہ آمتہِ ۔
1229,مے مے کور مے آبہ خطر صاف چاکھ۔
1230,طالب علمن کر کلاسس منز ہندس کھیلس منز ۔
1231,سُہ چُھ انگریزی زبانس پیٹھ اچھی گاسپھ۔
1232,کینہہ پرتھ چھ پننہ بتھ ہندس لٹہ بتھ ۔
1233,چُھ ہُند لُگ چھِ اکثر گھر بناونس منز استعمال کرنہ یوان۔
1234,رامَن کور شاعری مُقابلہ منز 5000 روپیہ ہُند اِجایہ۔
1235,سُہ چُھ دکانس اکھ ہینڈل کنٹرول کران۔
1236,سُہ چھ ہمیشہ پننہِ بٹَن پیٹھ خوش آمدید کران۔
1237,کٔرِوو چھِ ہوا صاف کرنس منز مدد کران۔
1238,کینہہ فوجی گٔیہ ز ہفتہ تام فورلوگس پیٹھ۔
1239,تہہ چھنہ صرف پیٹھ گژھنہ خطر گژھنچ ضرورت۔
1240,سُہ آو پننہِ حالے شائع کرنہ خطر کرنہ ۔
1241,تمہِ کور پننہِ ربطہ جمع تہ گژھہ ۔
1242,امتحانچ نٔتیٖج آیہ نوٹس بورڈس پیٹھ شائع کرنہ۔
1243,بیمارچ علامتن منز چھ بڈومینل درد تہ بتھ شمل۔
1244,استادن کور سکون ہند حکم۔
1245,ہیکو تہہ بٹلس ہند کورک کھولنہ یِتھ ۔
1246,کانہہ ہیکہ پننہ جنگنی سرگرمی منز رکاوٹ۔
1247,یہ تقریب چھ واریاہ علامتتی اہمیت۔
1248,اگرچہ سُہ چُھ نہ پرواز کرنس پسند کران، مگر تٔمۍ کور پٔتمِس ؤرِیَس منز تٔلیٖلہِ تٔلیٖلہِ سنز سفرچ لطف۔
1249,تمہِ سنز آوازچ ناراضگی چھِ تقریباً پرتھس ناراض ۔
1250,سُہ چھُ اکھ خد خد انسان ۔
1251,تم چھ گاڑس منز اکھ نوو سکول بناوان۔
1252,تٔمۍ کٔر نوو عمارتس منز دفتر کرایہ۔
1253,جنگل چھ زیاد ۔
1254,سڑکہ اوس گژھنہ كہِ وجہہ کم وچھنہ كہِ وجہہ خطر خطر خطر خطر خطر خطر خطر خطر خطر
1255,تمہِ سندِ دل اوس تیز رفتارس پیٹھ بٹان۔
1256,بہ چھس پننہِ بہ غر ۔
1257,س چھِ خاندر پتہ خوشی ہنز زندگی گزاران۔
1258,مے مے پنن دستاویزہ دِیوُن۔
1259,مے کور تہہِ ذتی طور شکر ادا کرن۔
1260,اکھ دشمن سندِس مل چھِ کم از کم اچھی سان بولان ۔
1261,تمو کٔر مے ریس ہندس پٹھۍ خدمت۔
1262,بتھ کٔرِوو پٹھۍ پٹھۍ پٹھۍ ۔
1263,اکھ ترییِم لگ چھِ ترے طرفہ ۔
1264,یہِ ہاؤس بناونہ آو یِہ مکمل ۔
1265,تمو چھ شہرس منز اکھ نوو دفاع بناونہ آمت۔
1266,تمہِ آو بحثس منز زیاد کرنہ خطر حملہ کرنہ ۔
1267,یہ علاقہ چھ مجرمین ستۍ پٹھۍ۔
1268,کیا تہہ ہیکِو کُنہِ ہُند پٹھ کُنہِ؟
1269,تٔمۍ کٔر ٹریڈ ٹیبس پیٹھ۔
1270,ہمس اوس کینہہ شراب پیتھ اکھ اکھ اکھ اکھ اکھ شام۔
1271,امتحان ختم کرنہ پتہ چھ تٔمۍ کتاب ہواس منز پھیران۔
1272,تِہ چِھ پننہِ زندگی منز خوشحالی ۔
1273,گرنہ پتہ گر درجہ حرارت کم گژھِ ۔
1274,تم چھِ اچھی خدمات فراہم کران۔
1275,س چھے زیاد روح تہ زند زند۔
1276,مے چھ نہ لُکھ دہ دہ دہ دہ دہ دہ دہ دہ دہ دہ دہ دہ دہ دہ دہ دہ دہ دہ
1277,سُہ اوس نتہ پتہ دیہ دُبار وینڈیکشن ہُند دعوی کران۔
1278,حالے چھ سُہ پننہِ کمژ نِش آزاد کرنہ آمُت۔
1279,جج کور وکیلس مٗتعلق عمل کرنہ خطر وٗچھان ۔
1280,ہم سب گژھہ دروازہ پٹھ۔
1281,تٔمۍ کٔر میٹافیزیکل نظریہس پیٹھ اکھ مضمون شائع۔
1282,مے چھس ستہِ واریاہ دِنہ یوان ۔
1283,س گژھہ زِ تٔمۍ سندِس بہن سندِس ستہِ واریاہ تٔمۍ ستہِ واریاہ تٔمۍ ستہِ ۔
1284,س چھے اکھ بور ۔
1285,سُہ چُھ جایہ پیٹھ پیٹھ پکان۔
1286,مے چھ یہ پیشکش ستۍ واریاہ خوش۔
1287,مقمی حکوٗمتَن منز کنٹرول چھِ یِوان ۔
1288,یِم دن مسلن درمیان چھٗنہ کانہہ ربطہ ۔
1289,سُہ اوس طویل عرصس پیٹھ دریاو ہندِس بتھس پیٹھ بیٹھہ یوان۔
1290,تِہِہِ كِنہِ كِنہِ كِنہِ كِنہِ كِنہِ كِنہِ كِنہِ كِنہِ كِنہِ كِنہِ كِنہِ كِ
1291,سیگارچ سیگارچ کھیوان چھ صحتس منز نقصان آسان۔
1292,عام گژھ مشہوٗر قلعہ ہیکہِ ۔
1293,اتہ گژھنچ ضرورت چھٗنہ ۔
1294,مے چھُ سوچان زِ س چھُ مے خش کران ۔
1295,یہِ کوپ بورڈس پیٹھ تھووِو ۔
1296,گلوکارن ہندِس جسمس آو گرم رسیپشن دِنہ ۔
1297,حالات چھ مے یہ کرنہ خطر مجبور کران۔
1298,دیوارس سجاونہ خطر چھٗ تِہ رنگین ہندِ ہندِ ہندِ ہندِ ضرورت ۔
1299,تٔمۍ کٔر بانا وزن کم کرنہ خطر اکھ پیمانس استعمال۔
1300,ز مُلکن آیہ قومی خطن پیٹھ تقسیم کرنہ۔
1301,س کٔر أکس دِمژ ستہِ ستہِ ستہِ ستہِ ستہِ ستہِ ستہِ ستہِ ستہِ ستہِ س
1302,امہ سافٹ ویئرک تخلیق کار اوس تعریف کرنہ آمت۔
1303,مینہِ نٔبی اوس یونیورسٹی منز کیمییی ہندِس پروفیسر۔
1304,انیلن کور آئی آئی ٹی کانپوُر پیٹھ گریجویشن۔
1305,تمہِ سنزِ تبصر سہِ بیمار ۔
1306,سکوٹرن کور سکیٹنگ زِ بریکہ آو اچانک بند۔
1307,یِتھہ خش بچنہ خشر پٹھہ دویِم پٹھہ پٹھہ پٹھہ پٹھہ پٹھہ پٹھہ پٹھہ
1308,یہ واقعہ گوو پانژھ دہہ یس پیٹھ۔
1309,ییلہ زلیہ علاقس منز گژھتھ آو واریاہ لوٗکھ زند دفن کرنہ۔
1310,سُہ آو کمپنی ہُند صدر منتخب کرنہ ۔
1311,مے چھ شیلہ پٹھہ کنہہ کتاب ہند ضرورت۔
1312,ز عمارت سہ تقریباً 50 میٹر الگ۔
1313,مے آو مایوسی ہند اکھ ولِس منز دخل کرنہ ۔
1314,اتھ حملس منز آو ترے لُکھ مارنہ ۔
1315,گڈ چھ مقامی رہائشیَن پیٹھ بادشاہ۔
1316,پارکہِ منز سۍ لڑکُن ماریلی پینٹھۍ گِند ۔
1317,یہِ صبح اوس تہہِ خطر پوسٹ۔
1318,سُہ اوس دفترُک ذمہ دِیُت ییلہِ افسر اوس گڈ۔
1319,مے چھ کینہہ لوس کاغذن ہند ضرورت۔
1320,یِتھہِ وچھِہِ وچھِہِ وچھِہِ وچھِہِ وچھِہِ ۔
1321,اہمو کور جمع کرنس منز خوش آمدید۔
1322,انجینیوٹی چھنہ تمام کوششن منز کامیاب گارنٹی۔
1323,س چُھ آہ تہ درست طریقہ سان کم کران۔
1324,فیکٹری منز اوس انسان طاقتک کمزور ۔
1325,ییمۍ ہمز ہوٹل اوس مطلق ٹاپ۔
1326,یہ معاملہ ہیکہ وزیر اعظم ہندِ سنزِ سنزِ سنزِ سنزِ سنزِ سنزِ سنزِ سنزِ س
1327,ییلہ تِم چِھ انتخاب کران، تِم چھِ، تِمہِ ہندِس فصلہ قبول کرنہ یِوان۔
1328,س دِیوُت پننہِ کورِس سونچ سندِ سندِ سندِ سندِ سندِ سندِ سندِ سن
1329,ڈرائیونگ کرنہ دوران زیاد تھکاوٹ ہیکہ مارنہ یوان۔
1330,تمہِ کور مشکوٗر ز س اوس تمہِ ستہِ کُنہِ ۔
1331,کرِکٹ چھُ ہندوستانَس منز ساروے کھتہ مشہوٗر کھیل۔
1332,تمہِ آو مٗلکن ہندس خلاف دعوان ہندِ دِنہ خطر دستخط کرنہ خطر قبل کرنہ آمژ۔
1333,ہم چھ ژوٗرمِس سطحس پیٹھ روزان ۔
1334,س گِیُن مے پٹھ اکھ حقیقی ناوٹ ٹریک۔
1335,یِمِہِ کور تِہِہِہِہِہِہِہِ تِہِہِہِہِ تِہِہِہِ تِہِہِہِ تِہِہِہِ تِہِ
1336,ہم سہِ سوانکی ہوٹلَس منز روزان ۔
1337,سُہ چُھ دیِس سسہِ منز بصری خراب گژھان۔
1338,مے چھ نہ صرف پننہ کام بچاونہ خطر تٔمۍ خطر خطر خطر خطر خطر تیار۔
1339,گنزِ آواز چھِ مے خوف ستہِ پران ۔
1340,چائےس منز شکر ڈال ییلہ یہ پٹھۍ گژھان چھ۔
1341,تم چھ نہ صرف گرمی ہند اکھ بتھ ۔
1342,یہِ اوس تٔمِس پٹھ مٗشِش زِ س سۍ تٔمِس دُعا کران۔
1343,کانگریس منز چھ فردا پننہ بول دِوان۔
1344,مے چھ یہ خوبصورت گڈ پسند کران۔
1345,آگہ ستہِ چھِ واریاہ زیاد نقصان ستہِ۔
1346,بہ گژھہ گڈنِچ ہندِ دہہ دہہ دہہ دہہ دہہ دہہ دہہ دہہہ دہہ دہہ دہہ
1347,نوو پروفیسر چھ پننہِ رویہ منز واریاہ آزاد۔
1348,ہم یہ حصل کرنہ خطر بے بے پرتھ کوشش کٔرِتھ۔
1349,سُہ چُھ ونسہِ چینس منز ہندوستانُک سفیر پٹھۍ شمل کرنہ آمُت۔
1350,ریڈایسٹنگ سٹیشن چھ شہر پیٹھہ دور واقع۔
1351,سُہ چھ رویتی بتھ گژھنچ پسند ۔
1352,مے چھٗ تمہِ سندِ خیال بے غر ۔
1353,فردا چھ تمہِ سُند دٔسہِ زایہ ۔
1354,داو چھ ہمیشہ شُرِن ہندِ طرفہ خوش آمدید کران۔
1355,یِمَن دہن چھِ واریاہ لوُکھ امنیسیہ ہُند مُتثِر گژھان۔
1356,سُہ بنیو اکھ وائرولین انفیکشن ہُند ضُرِف۔
1357,تمہِ سندِس ندِس کور پننہِ ٹیوشنک حصہ ادا کرنہ خطر رضامندی۔
1358,پرندِ ہند اکھ کٔمی گژھِ اکہِ وقتہ پرواز۔
1359,س س نہ پنن سوالس جواب دِژھُن یژھان۔
1360,مے چھ أکِس دہس اندر واپس یژھان۔
1361,تٔمۍ کور پنن فیس منسوخ کرنہ خطر رضامندی۔
1362,توہہ ہیکہِ گڈنِچ کھولنہ خطر کٔرِتھ ۔
1363,ونہِ کنہِ دہ چُھ ستہِ چیزہ ستہِ مکانس منز اکھ رجحان۔
1364,مے چھے کیکک بییہ حصہ یژھان۔
1365,میڈیان کور اتھ واقعہ ہُند وسیع پیمانس پٹھۍ پوٗر۔
1366,یہ مشہوٗر بتھ ہُند بتھ چھُ اکھ نوجوان۔
1367,سُہ چُھ شاعری ہند اکھ منفرد طریقہ ۔
1368,س چھِ کشتیہِ پیٹھہ مُطبِق جایہ تلاش کرنہ یِوان۔
1369,براہ مہربانی کاغذس پیٹھ ہندس پٹھ پوٗر پوٗر پوٗر پوٗر۔
1370,نہ اتھ کمزور گژھِو!
1371,مے اوس نہ نتیجہ متعلق پریشان۔
1372,مے چھ سافٹ ویئر لوڈ کرنہ یوان ۔
1373,سُہ چھُ زمینس منز پائلہ دِوان ۔
1374,تمہِ سندِس کپس منز سہِ خوبصورت فرینگ۔
1375,کیا مے چھے ویزا ضروٗرت کرنہ یوان؟
1376,سُہ اوس بتھ گژھان زِ سُہ اوس پننِس رتس منز درد۔
1377,ہم کٔرِو ڈیوالی خطر شیشِل بولب۔
1378,بہ چھس تمہِ سنزِ پِرس رتھ ۔
1379,سُہ اوس پننہِ فتح ستۍ خوشی۔
1380,س گژھہ ییلہ س گژھہ خوفناک خبر ستۍ غر غر غر ۔
1381,سُہ اوس تحریکُک وریٹل رہنما ۔
1382,بلیٹ کور پننہِ ہندِس دسہِ پیٹھ۔
1383,کیا تہہ مینۍ درخواست دری کرنہ؟
1384,پننہ گھر چھ مغربس ستۍ۔
1385,غصہ چھ عام عومی خطر نقصان بنان۔
1386,مے چھٗنہ پٹھۍ پٹھۍ پسند ۔
1387,یہ سڑکہ چھ اتھ تہِ ۔
1388,تم چھ اکھ وارتکسس منز منتقل گژھان۔
1389,تٔمۍ چھنہ ونہِ تہِ اجرت حصل کرنہ۔
1390,ہندوستانس منز چھ حکومتک اکھ دموکراتی نظام۔
1391,تیرا اوس ڈیمانڈن تہ پرلین ستۍ قیم کرنہ آمت۔
1392,مے چھ ہمیشہ تہہ۔
1393,اکہِ پارٹیہ برونہہ وچھِتھ چھنہ خطر آسان۔
1394,تمہِ سنزِ ورناکلر سٹائل چھِ پریتھ سندِس پسند کران۔
1395,حقیقت اوس واریاہ دردناک۔
1396,ہمن کور تمہِ سنزِ نیرنہ خطر ردعمل۔
1397,مے چھ پننہِ بہنہ واپس یِنہ خطر ہوییی اڈس منز گژھان۔
1398,نمک چھِ وائلس منز ۔
1399,بہ چھٗ ٹیلی گرافک ذریعہ نٔتیٖج ونان ۔
1400,اصل منز، تم چھ سیسی جنگ خطر پونسہ جمع کران۔
1401,مے بہ بہ چھٗ پننہِ برونہہہ کِس کِس کِس کِس کِس منز روزان ۔
1402,کیرلاہس منز چھ آبدی ہُند ضخامت واریاہ زیاد۔
1403,نوو گھر چھٗ کم کرنہ خطر تیار ۔
1404,گیزر چھ اکہ مختصر وقتس منز آب گرم کرنہ خطر اکھ مٗمکمل آلہ۔
1405,سُہ چھ ہمیشہ پننہِ کامیابیس متعلق زیاد پٹھۍ پٹھۍ پٹھۍ پٹھۍ پٹھۍ پٹھۍ پٹھۍ پٹھۍ پٹھۍ پٹھۍ پٹھۍ پٹھۍ
1406,بچہ ہُند گژھنہ ستہِ بیدار ۔
1407,کینہہ کنہہ کنسہِ چھِ آبس منز رگڈنہ آمتہِ ملِس منز روزنس منز سِتھ ۔
1408,پننہ فٹ بال کوچ چھ ٹیم تربیت دِوان ۔
1409,یہ فیصلہ آو صرف ملی معاہدن خطر کرنہ۔
1410,مے ہیکہ نہ گاڑس ستہِ مارنہ نِش بچتھ ۔
1411,تمو کور یہِ دہ ؤریہ برونہہ یہِ گھر ۔
1412,حکومت کِس دفترس منز چھِ خراب۔
1413,تم سہِ کریکیٹ فیور سندِس رٹانس منز۔
1414,یہ جایہ چھ دھماکہ ہند ذخیر خطر مقرر کرنہ یوان۔
1415,س گڈ نہ پننہ ہندس لبس پیٹھہ رٹان۔
1416,تہہ نہ اتھ حکمت عملی منصوبس ستۍ کانہہ اعتراض کرنہ یِنہ ۔
1417,سڑکہ چھ پہاڑس پٹھ وتھ ۔
1418,براہ مہربانی ہندِ ز بڈل ہندِ ۔
1419,س اوس پننہ اہم زنجیر ہندِ پٹھۍ پٹھۍ پٹھۍ پٹھۍ پٹھۍ پٹھۍ پٹھۍ پٹھۍ پٹھۍ پٹھۍ پٹھۍ پ
1420,تٔمۍ کور اکھ کار ایچایس ستۍ ملاقات۔
1421,س چھے اکھ جذبتی شخصیت۔
1422,لُپہِ ستہِ وِزِ بتھ لُپہِ ۔
1423,پننہِ مہارتن ہند نظر انداز نہ۔
1424,تٔمۍ کٔر پننہِ اراد پٹھ استیمی کرنہ۔
1425,بہ چھ پنن پونسہ بینکس منز سپدان۔
1426,یہ چھ صاف آب ۔
1427,اتھ کمرس منز چھ واریاہ فلے ۔
1428,تمہِ سنز زینہ چھُ اکھ اکھ اکھ اکھ اکھ اکھ اکھ اکھ اکھ اکھ ۔
1429,س کٔر تٔمۍ حیران ییلہ س گڈ گژھان۔
1430,مے چھُ جھوٹ بولنہ خطر خوشی ۔
1431,سہِ مختلف پوشر ۔
1432,ممبرن ہندِ آو شعر سندِ اگستہِ موجودگی ستہِ تعریف۔
1433,سُہ چُھ اکھ تراس منز گژھان۔
1434,ہویی جہازچ اہم فریم چھ تیار۔
1435,تٔمۍ کٔر پننہ خیال ہند مجموعہ کرنہ خطر کنہہ لکھ۔
1436,قریبی منز چھ اکھ سکول ۔
1437,کیپٹن سنز آواز اوس کامیاب۔
1438,کیا تہہ کٔرِو کٔٹھن ہنز آبدی کرِو؟
1439,ہم کٔرِو ستہِ ستہِ ستہِ ستہِ ستہِ بیکٹ شُروٗع کرنہ۔
1440,تہہ یِتھہِ تِہِہِ ہُند طریقہ ژھِوِو۔
1441,پننہ گاڑِ چھِ پننہِ ماحول آلودگی کرنہ خطر ذمہ دار۔
1442,دھوکہ دِنہ چھِ ہواس منز ولۍ ۔
1443,سُہ اوس اکھ خوبصورت مندر پوشان ۔
1444,ہم یِہ یِہ تقریباً 11:00 بجے گھر۔
1445,سندِ رنگ چُھ سفید۔
1446,سکوُل چھِ جلدیہ تعمیر کم مکمل کران۔
1447,ہم کٔر مغربی ہُند طرفہ سفر ۔
1448,سُہ چھُ اٹلانیاہس منز فرانسیسی قومی کم کران۔
1449,تمہِ سنزِ لگہ سہِ کمزور ۔
1450,یہ پروگرام چھِ اگلی ہفتہ منز ختم گژھان۔
1451,قتل اوس نہ کانہہ وضاحت۔
1452,تٔمۍ کٔر غر ضروٗرتی ہندس مدد کرنہ خطر داوطلب۔
1453,تمہِ کور مے کینہہ پونسہ قرض۔
1454,تمہِ سنزِ وِسپر گوو اکھ رُٹ ۔
1455,یہ چھ جانورن ہند اکھ کلاس یم کمزور گژھان چھ۔
1456,جج کور تمہِ ہندِ دعوا کرنہ۔
1457,تمہِ سُند ساروے کھتہ بوڑ خوف اوس زِ سُہ کٔر پننہِ کم کٔرِتھ ۔
1458,سُہ چھُ ہسپتالس منز پننہِ زندگی ستۍ لڑان۔
1459,یہ قصہ آو قصہ منز لکھنہ ۔
1460,س چُھ کم کرنہ ستۍ غم زیاد کران۔
1461,مے چھنہ کانہہ مُقابلہ ہُند موضوع زانانہہ ۔
1462,یہِ چھُ تٔمۍ سندِس عمرس منز تراژدی پیٹھ گژھنہ یوان ۔
1463,یہِ چھنہ آسان کام زِ یہِ چھنہ آسان۔
1464,جدید دور چھ ٹیکنالوجی ہند دور۔
1465,سُہ اوس پُلیٖس سندِس آلہِ ہندِس ذریعہ پننہِ رشتہ دارن ہُند مقام بناونُک ہُند سۍ۔
1466,جانورن چھ عام طور آگچ خوف۔
1467,تُہۍ ہینڈ لٹہِ چھِ مے کھتہ بدتر۔
1468,تم گٔیہ کینہہ دہہ برونہہ سفر کران۔
1469,پریتھ چھ پننہِ ناقابلہ طرز عملس پیٹھ مایوس۔
1470,استادن چھٗ پرتھس تِہس ڈراما ہس منز اکھ حصہ حصِل کران ۔
1471,تٔمۍ کٔر دویمہ پتہ ترے آبچ لیٹہ شراب۔
1472,یہِ خبر آیہِ یِنہ ستہِ شوکرِ ۔
1473,تِم چھِ نہ پلو یِم نایلون فیبر ستۍ بناونہ آمتہِ چھِ ۔
1474,س سہِ دور ۔
1475,بہ چھس ونہِ صوُرتس منز عادت گژھان۔
1476,پرتھ کٔر جنگس منز گژھان۔
1477,شُرِ چھِ فیزیولوجی تبدیلی گژھان۔
1478,شامس منز اوس موسم واریاہ خراب۔
1479,س اوس ژلوِل پلوہِ ہندِس پلوس پیٹھ ژلوِل پلوہِ ہندِس پلوہِ پیٹھ ۔
1480,بہ چھس ہمیشہ تہہ مہربنی ہند وجہہ خطر شمِل۔
1481,مے چھِ فرداہ ٹیسٹ ۔
1482,مے چھس ستہِ واریاہ دِنہ یوان ۔
1483,س چھے اکھ وسطی اونچھن۔
1484,مے ستہِ ستہِ ستہِ ستہِ چھِ بہ بتھس پیٹھ روزان ۔
1485,خری قصہ دوبار گژھان۔
1486,بحثس منز اوس ترن اہم مسلن پیٹھ توجہ مرکوز کرنہ آمژ۔
1487,تمہِ سندِ آوازس منز اوس اکھ ہلو۔
1488,مے چھ مختلف نظریہ۔
1489,تٔمۍ کٔر پننہ دوستس ستۍ دٔریاو۔
1490,س چھنہ ونہِ ونہِ ۔
1491,مے کٔر پننہ توازن کٔر تہ کٔرِو پتہ۔
1492,س چھے اکھ مڈ۔
1493,اہم دروازہ ہُند ناو پلیٹ آو خراب کرنہ ۔
1494,سُہ اوس طویل عرصس پیٹھ دریاو ہندِس بتھس پیٹھ بیٹھہ یوان۔
1495,لکٹن شُر چھِ پولیو ڈراپس پٹھہِ پیشہ ورانہ اقداماتہ پٹھہِ انتظام کرنہ یوان۔
1496,مے چھ کینہہ سبزی ہند خطر مارکیٹ گژھان۔
1497,سُہ اوس نہ تِمِس زِیاد خطر یِم تِمَس ستہِ ستہِ رتہِ یِنہ آمُت۔
1498,بجلی ہُند اِنہِ كور اتھ علاقس اندھ گژھان۔
1499,ماساژ ستۍ کٔر درد بنچ مدد۔
1500,سُہ گُزریو أکس بڈینسہِ ہُند بُرِتھ ۔
1501,ہم ہیکہ بورڈس پیٹھ کرِکٹ میچک سکور وچھِتھ۔
1502,تٔمۍ کور ہانگ کانگ پیٹھ اکھ نوو کیمرہ۔
1503,طبی طور چُھ سُہ سفر کرنہ خطر مُستحِل۔
1504,اوہ، یہ کتھ مشکل آسان!
1505,ٹیبلس پیٹھ سفید پوش پٹھہِ ۔
1506,س کٔر پننہِ كپرِ ہندِس لگِس رٹس منز دسہِ ۔
1507,توہہ ہیکہ پننہِ سہولتس منز آو۔
1508,توہہہ چُھ توہہِ نظریہ دار؟
1509,آسہِ چھُ رنگس منز نیلے۔
1510,مے کٔر اکھ پرتھ زنانہ ستہِ خاندر ۔
1511,سُہ چھُ سوچان زِ اگر سُہ غلطی تسلیم کران چھِ توہہِ سُہ چُھ چُھ چُھ چُھ چُھ چُھ چُھ چُھ چُھ چُھ چُھ چُ
1512,جانورن سۍ کھتہ کنہِ طرفہ ولۍ۔
1513,کینہہ بینک چھ چھِ چھِ چھِ چھِ چھِ تہِ چھِ چھِ چھِ چھِ چھِ کم کران ۔
1514,تمہِ سنزِ سندِس ستہِ ستہِ ستہِ ستہِ ستہِ ستہِ ستہِ ستہِ خاندر خ
1515,فلمہ منز چھ تھسپیان اکھ نوو کھتہ۔
1516,کائناتس منز چھ کاسمی طاقتک انتظام۔
1517,اکھ نفرچ زیاد چھٗ بییہ نفرچ زیاد۔
1518,سُہ چُھ ٹیمُک کپتان ناو آمُت۔
1519,خری ایڈیشن چھِ فردا ہاونہ یوان۔
1520,یہ مسلہ چھٗ گڈنچ بحث کرنہ یوان ۔
1521,سُہ چُھ پننہ کار واریاہ تیز رفتار چلان۔
1522,یہ نظریہ اوس مے خطر مکمل طور پریشان کن۔
1523,ٹیڈی بیئر چھِ محبت پسند کھلڑۍ۔
1524,مے ہنز نہ یہ زیاد پیتھ ۔
1525,سُہ چھنہ اکھ تشددتی شخص ۔
1526,مے نظر آو یہ وقت ہُند ضایع۔
1527,سُہ اوس سُہ سڑکہِ پیٹھ پیٹھ گژھنہ ییلہ سُہ سُہ ستہِ گژھنہ یوان۔
1528,طویل طویل طویل طویل طویل طویل طویل طویل طویل طویل طویل طویل طویل طویل طویل طویل طویل طویل طویل طویل طویل طویل طویل طویل طویل طویل طویل طویل طویل طویل طویل ط
1529,مے بتھ مے وچھ مے اکھ مزری کہانچ ۔
1530,تم چھ اکثر یتھ ہیکہِ سوچان ۔
1531,یہ مہمہ اوس عوامس سوالس پیٹھ وضاحت بڑاونہ خطر بناونہ آمت۔
1532,ہتھیار استعمال کرنہ خطر چھُنہ یِنہ یِوان ۔
1533,تمہِ سنز کتابہ آو بے حصلہ تباہ کرنہ ۔
1534,یہ چھٗ پوٗر تہِ درست ۔
1535,مُحدد مقصد چھنہ یِنہ یِتھہ یِتھ ۔
1536,اسلام سندِ مل چھُ اکھ چنڈلر ۔
1537,بہ چھے ٹرین ستۍ دِلہِ یوان۔
1538,کیا تہہ چھ ستارمیاتس پیٹھ کنہہ کتاب؟
1539,یہِ موضوعی رپورٹ اوس نہ تعریف کرنہ آمُت۔
1540,سُہ چُھ نہ ذہنی طور مُطبِق۔
1541,تمہِ سنزِ بٹ آو زمینہ آمت۔
1542,شمالس منز چھ زمستان شدید۔
1543,کمپنی چھ اکھ نوو پالیسی پیش کران۔
1544,پوسٹ آفسس منز اوس اکھ طویل کویو۔
1545,بہ چھس نہ پننہ ساتھین ستۍ ذتی مسلن ہند بحث کران۔
1546,ہم گٔیہ تمہِ سنزِ مرنہ ہندِس سالگرہ منز۔
1547,گژھِو تہ گژھِو گلوکار ہندِ پیشکشس منز شرکت۔
1548,مے چھِ فہرستس منز پانژھ ناو۔
1549,مے چھس تہہ وچھان کرنس واریاہ خوشی۔
1550,سُہ چھُ موجود تعلیمی نظامچ انتقادی جیز پیش کران۔
1551,تصویر خطر سندِ پوزیشن اوس ساروے کھتہ زیاد۔
1552,سُہ چُھ زراعت۔
1553,یہِ خط آو دہ میلس منز۔
1554,ہم اوس سورجس منز نیبر بیٹھہ ۔
1555,ماریامن کور پننہِ خطہ تہ کور تِمہِ بتھ ۔
1556,سُہ چُھ اکثر منفرد ریسٹورنٹن منز گژھان۔
1557,یہ کھینس منز چھ ضروری وٹامن تہ معدنیات شمل۔
1558,تمہِ سنزِ گھرس منز چھ ژور کمر تہ اکھ ہال ۔
1559,ہمیشہ ہندِ ہندِ ہندِ ہندِ ہندِ ہندِ ہندِ ہندِ ہندِ ہندِ ہ
1560,سُہ اوس بس سٹارٹ پیٹھ انتظار کران ۔
1561,شُرِن ہُند مراقبر کرنہ خطر تہِ ہِنز شُرِکری۔
1562,اگلی پروگرام یس ونہِ ونسہِ ریڈیو کرنہ یوان۔
1563,مے چھِ 1000 رن ہندِ اکھ کریڈٹ بیلٹ ۔
1564,س کٔر مے خلاف وٹریولک حملہ شروع۔
1565,مے ہیکہ نہ گژھہ کنہِ کلاسس منز شرکت کرِتھ۔
1566,آکسیجن چھُ یِہ گیس ییمِہِ ہم سانسہ چھِ ۔
1567,یہ واقعہ کٔر عومی رائےک موڑ تبدیل۔
1568,تٔمۍ کٔر پننہ نیچھنس رضامندی خطر سفر ترتیب۔
1569,ترے چھ اکھ عجیب نمبر ۔
1570,ہمن کور بیمس اکھ اکھ ستہِ ۔
1571,سُہ چھُ پارکہِ وسطس منز اکھ مِموسا کُل بتھ بناونہ آمُت۔
1572,س چھے اکھ لکٹہ لکٹہ لکٹہ ۔
1573,تم چھ یوان ۔
1574,یہ چھنہ اکھ بوڑ کام ۔
1575,خری منز اوس اکھ پریشان کن مسلہ بدتر گژھان۔
1576,تٔمۍ کٔر پروجیکٹ کم بٔڑس عزمس ستۍ شروع۔
1577,اکھ عجیب و غریب شخص آیہ دروازس پیٹھ ظہر گژھان۔
1578,تہہ نہ مزید عملہ تاخیر کرِو۔
1579,مے چُھ صرف اکھ چاکلیٹ یژھان۔
1580,مے ہیکہ نہ گاڑس ستہِ مارنہ نِش بچتھ ۔
1581,رسٹلرن کٔر اکھ پینچ ستۍ مُقابلہ کِس پھولس منز۔
1582,سُہ چھٗ مے سندِ سندِس سندِس نیچِو ۔
1583,زیاد پھولن ہندِس ستہِ کٔرِتھ کٔرِتھ ۔
1584,سرحدن پیٹھ چھ فوجن ہند اکھ بوڑ توجہ۔
1585,ڈایریکٹرز ہند بورڈن کور اکھ نوو پالیسی تیار۔
1586,تمہِ سندِ دل چُھ کمزور ۔
1587,تمو کور پننِس ٹینٹَس منز۔
1588,واشنگ مشینس منز چھ اکھ بٔڑ موٹر۔
1589,تمہِ ہندِس ربطس اوس متبادل اعتمادس پیٹھ مبنی۔
1590,س چھ بے استعمال محسوس کران۔
1591,س چھ مختلف زبانن ہند علم خطر اکھ فید۔
1592,یہِ چُھ پِچر گھرچ لگان ۔
1593,توہہ ہیکو یہ کتاب لتھ یس میزس پیٹھ چھ۔
1594,س اوس تمہِ خوش آمدید کرنہ خطر یوان ۔
1595,سُہ چُھ لگَن پیٹھ پٹھ پٹھ پٹھ پٹھ پٹھ پٹھ پٹھ پٹھ پٹھ پٹھ پٹھ پٹھ پ
1596,یہِ ڈیزائن چھ واریاہ دلچسپ۔
1597,مے وچھِو بوشس منز اکھ فاکس۔
1598,تمہِ سندِ کمرچ نمبر چھِ نِنچِم ۔
1599,سونامی چھِ وتہِ، لہذا براہ مہربنی ہونہِ حصِل ۔
1600,کیبیر چھ فلسفی بحثن منز حصہ کٔرتھ دلچسپی۔
1601,سُہ چھ تمام قسمن کتابن پسند کران۔
1602,ملازمین چھِ کمِس منز اضافہچ مطالبہ کران۔
1603,مینز بیگ ہند ہند ہندۍ ہندۍ چھے ولۍ ۔
1604,یہِ ٹاسِہ چُھ اکھ صاف متن ۔
1605,گرمی ہندِس دوران، گلاس گژھنہ ۔
1606,سُہ چھ اکھ اچھی خاندانس ستۍ ربطہ یوان۔
1607,مے اوس یقین ز یم اصطلاحو جلدے نفاذ کرنہ یوان۔
1608,بہ کٔرِو تہہِ ترین پٹھ کال۔
1609,کتابُک پانہہ فصل چُھ اصل پٹھۍ مصنف سندِس بحثُک مُتعلق۔
1610,الیکٹران چھ اتمَن منز لبنہ یوان ۔
1611,یِم چھِ کرسٹاشیان کین قسمن ستۍ ربطہ یِوان۔
1612,ڈاکٹرن کور مے نیچ مدد کرنہ خطر کینہہ پائل تجویز۔
1613,ستہِ ستہِ ستہِ ستہِ ستہِ ستہِ ستہِ ستہِ ستہِ ستہِ ستہِ ستہِ ست
1614,تم چھ گھون ہند گھریلو بناونچ کوٗشِش کران۔
1615,یہِ کِٹل چُھ اکھ نوو عنصرچ ضرورت۔
1616,مے کور تٔمۍ ترین بار فون مگر تٔمۍ کور نہ واپس۔
1617,یہِ چھُ ؤرِیُک ژوٗرِم سیزن۔
1618,بہ چھس تہہ نہ گژھنہ خطر دِژھ۔
1619,سُہ چُھ نہ بدیُت ہُند پٹھۍ پٹھۍ پٹھۍ پٹھۍ پٹھۍ پٹھۍ پٹھۍ پٹھۍ پٹھۍ پٹھۍ پٹھۍ پ
1620,سُہ چُھ اکھ کرک فوجی۔
1621,مے چھٗ نصف اکھ گھنٹہ تام مارکیٹس منز کھوم کٔرتھ۔
1622,مٗتلِف چِھ مسلہ ہند بنیدی وجہ حل کرنہ یِوان ۔
1623,ونسہِ فٹ بال میچ چھ فرانسس خلاف برازیل۔
1624,مے ہیکہ اندھ منز لگہ ہند اکھ اچانک فلش وچھِتھ۔
1625,طالب علم اوس کلاس کمرس منز فائل کران۔
1626,مے چھِ خاندر کِس کِس عملس منز اکھ اکھ اکھ آرکیسٹرا حصِل۔
1627,ناو ہندِ بتھ پٹھۍ پٹھۍ پٹھۍ دِژِو۔
1628,پُلیٖس س پننہِ گرفتار کرنہ خطر گارنٹ۔
1629,تِہ چِھ یہِ مرحلہ نِشِشِینہِ پٹھۍ پٹھۍ پٹھۍ پٹھۍ پٹھۍ پٹھۍ پٹھۍ پٹھۍ پٹھۍ پٹھۍ پ
1630,تمہِ سنزِ قصہ اوس واریاہ دردناک۔
1631,گندرن منز سہِ لوٗکھ ہُند بُنیاد ۔
1632,پور مُلک چھِ ژھلان۔
1633,ہیدرآبادس منز واریاہ ؤریہ پتہ آو سُہ دِلہِ منز شمل کرنہ۔
1634,مے اوس تام گژھان۔
1635,یہ عمارت چھِ بہتٔریٖن ہندِس سطحس ستۍ اکھ شاندار وچھان ۔
1636,سُہ چُھ ولہِ دعایہ خطر گژھان۔
1637,زیاد تر ڈیل چھ فونس پٹھ ٹرانسمیشن کرنہ یوان۔
1638,یہِ بندِ چھُ اکھ طویل بوُر ۔
1639,ییمہِ توہہِ ونان چھِ چھِ چھِ جزوی طور صحیح ۔
1640,غرِ ولِس تہ غرِس درمیان چھِ اکھ وسیع گُلف ۔
1641,سرد ہواہ کٔر تمہِ سندِس چہرس تلوان ۔
1642,کورس خطر چھِ پار 62۔
1643,ہم ہیکہ کیفیٹریاہس منز چائے ہنز اکھ کپ۔
1644,سمندرس منز موجن ہند وچھنا چھ خوش۔
1645,سیسی پارٹیو کور انتخابہ برونہہ پننہ پروگراما شروع۔
1646,سُہ چھُ مے ملی دشمن بنان ۔
1647,مے چھ پنن سائیکل ٹھیک کرنُک ضرورت۔
1648,یہ پرون مندر چھِ کٔرِن مندرَن منز چھِ ۔
1649,سُہ چھ پننِس آزاد وقتس منز وِلیٖن کِھان۔
1650,اتھ علاقس منز 70 فیصد کھتہ زیاد خاندانن منز چھ ٹیلی فون۔
1651,یہِ منز سہِ کُران، تریخ تہ سلطنت شمل۔
1652,تُہۍ بنیدی اہلیت چھُ اتھ کمَس خطر مُستحِل۔
1653,سُہ آو بدبختی سان حملہ کرنہ تہ کٔرِو سر زخم۔
1654,یہ اوس اکھ اچانک عمل۔
1655,کامہِ ہُند تُہند رویہ چھنہ مُناسب۔
1656,تہہ ہیکہ ٹیلی فونس پیٹھ کیک آرڈر کٔرتھ۔
1657,یہِ پھول چھِ زیاد زیاد۔
1658,مے چھ اکھ خوشگوار گھرچ زندگی۔
1659,پلوس منز لکٹِو نِک بٔڑِ ۔
1660,تِہندِس معیلی ترقیس منز چھٗنہ زِیاد تیزی ۔
1661,تٔمۍ کٔر سندس ستہِ ستہِ ستہِ پرتھہِ پیش کرنہ۔
1662,مے چھ ملین ہندس پٹھ سفر کرنس پسند۔
1663,س چھے اکھ ماڈل ۔
1664,سُہ چُھ اکھ کُمڈر بننہ خطر کمزور۔
1665,مریض اوس پور دوہہ دہ دہ دہ دہ دہ دہ دہ دہ دہ دہ دہ دہ دہ دہ دہ دہ دہ دہ
1666,تہہِ چھُ میچ زیننُک ضرورت۔
1667,امہ منصوبس منز چھ اکھ مختلف اجرتی ہندۍ ترتیب۔
1668,سُہ چھِ خاصیت ہُند احساس ہُند اظہار کران۔
1669,تمو کور پننہِ ملِس واپس گژھنہ برونہہہ رونہہ ۔
1670,تہہِ ستہِ بہترین پلوِوِوِوِوِوِوِوِوِوِوِوِوِوِوِوِوِوِوِوِوِوِوِوِوِو
1671,یہ اوس اکھ منٹک ذٔریعہ مگر یہ چھٗ بتھس منز زیاد زخمی ۔
1672,سُہ گوو ونڈو پٹھ نیبر۔
1673,سُہ چُھ کاروبار منافع بخش طریقہ پٹھ کم کران۔
1674,تٔمۍ ستۍ چھِ امہِ اثاثہ مٗلک ۔
1675,مے خطر چھ سُہ اکھ حقیقی تھرو بیک۔
1676,تٔمۍ کٔر ٹوٹنہِ ونڈو ہُند طرف اشار۔
1677,امہِ ستہِ آو نایابِس گھرس پیٹھہ اکھ دُعاہ ستہِ ۔
1678,سُہ اوس واریاہ مایوس ۔
1679,سُہ چھُ شُملی لندنس منز روزان ۔
1680,س چھے عام طور خری یوان۔
1681,تِم چھِ اکھ کھولنہ آڈوٹوریومس منز ڈراما پیش کرنُک اژھان۔
1682,کیا تہہ ہیکِو یہِ كھولِہ کِس كِس كِس كِس كِس كِس كِس كِس كِس كِس كِس كِس كِس كِس كِس
1683,یِم چھِ واریاہ امکان زِ تِم گژھِ گاڑِ ستہِ ۔
1684,کیا تُہِہ آلرجی بہتر گژھان؟
1685,زنان چھ مردن کھتہ کم جرائم کران۔
1686,یہ مُلک چھِ تمام مُلکن ہُند حمایت کران یِم نِووِل چھِ ۔
1687,دھوکہ کٔر رمپارتس پیٹھ ژھر۔
1688,شُرِ چھِ نون زبانن ہُند تعلیٖف خطر اکھ عظیم فصلہ۔
1689,یہ لڑکر اوس جہازس منز شمل ۔
1690,زنان چھِ سیرِ کِلیہِ پیٹھہ زیاد پوٹس بناوان۔
1691,سُہ چُھ اکھ مگہ نفر ۔
1692,تُہۍ آواز چھِ فونس پیٹھ بڑان۔
1693,مے سندِ پرندِ دوست اوس موسیقی منز اکھ ملِس ۔
1694,یہ منصوبہ اوس اصل منز واریاہ مختلف۔
1695,یہ چھ اکھ ونسہ زمین ۔
1696,تٔمۍ کٔر بلبس اکھ بٹن وائر ستۍ رلان۔
1697,یہِ پرتھ چُھ ریتہ منز بٔڑان ۔
1698,ڈرائیور گوو اچانک دہہ دہہ۔
1699,سُہ چُھ اکھ شِرٹ پٹھ پوشِش کران۔
1700,جیزر اوس واریاہ لکٹہ ۔
1701,تمہِ سندِ پوش س اکھ زِیاد رنگ۔
1702,یہ مسلہ حل کرنہ خطر چھ اکھ فارمولہ ۔
1703,سُہ چھُ طویل مولِہ ستہِ مضبوط بناونہ یِوان ۔
1704,س س متہِ جسم پٹھ تھاوان۔
1705,بہ چھس ریس کھانان۔
1706,تمہِ سُند مقصد اوس تہہ زخم دِنہ۔
1707,آگَن کٔرِ گھر تباہ ۔
1708,یونیورسٹی منز آو اکھ کانفرنس منعقد کرنہ ۔
1709,تٔمۍ کٔر پننہِ کمس منز پننہِ ستہِ کٔرِتھ کٔرِتھ ۔
1710,سُہ چُھ اکھ بد نفر!
1711,واضح چُھ زِ سُہ چھُ تمہِ سندِس نفرت کران۔
1712,پننہِ سندِس قبلِس ہُندِ ہُندِ ہُندِ ہُندِ ہُندِ ہُندِ ہُندِ ہُند
1713,سُہ چھ میچس منز فائنل تام تام حصل کرنہ آمُت۔
1714,کمپنیس منز س 38 لیکس ہندِ ٹورو۔
1715,بہ چھس تہہ کھتہ بڑ۔
1716,بہ چھس یہ کام کرنچ یژھان۔
1717,تمہِ سنزِ ملِو دِیوُت تٔمِس گِنڈنِک اجازت۔
1718,تٔمۍ کٔر ڈیوڈ گیمس منز پننہ تمام رقم ہندس ضروٗرت۔
1719,مے دوست چھ واریاہ خودکشی کران۔
1720,س اوس پننہِ تمام ضرورتہ ستہِ متہِ ۔
1721,سُہ چُھ اکھ مشہوٗر ٹرپٹ کھلڑۍ ۔
1722,مے چھ صوتی موسیقی ہندِ موسیقی ہندِ کھتہ بہتر پسند کران۔
1723,87 ہس منز چُھ س وِم تہ طاقتور ستۍ پوٗر۔
1724,یہ پین چھٗ أمۍ۔
1725,یہ وضاحت چھ واریاہن سوالن منز یژھان۔
1726,تمہِ آو ہتھیار ستۍ لٹہ ۔
1727,مے ہیکہ پننہِ پٹھ رتہ کرِتھ ۔
1728,سُہ چُھ اکھ داوطلب۔
1729,ویسلس چھ اکھ طویل تھول جسم یتھ منز لکٹ لگہ چھ۔
1730,سُہ اوس شراب ۔
